Unnamed: 0,id,key_skills,name,accept_temporary,specializations_count,specializations_id,specializations_name,specializations_profarea_id,specializations_profarea_name,experience_id,experience_name,schedule_id,schedule_name,employment_id,employment_name,area_id,area_name,working_days_count,working_days_id,working_days_name,working_time_intervals_count,working_time_intervals_id,working_time_intervals_name,working_time_modes_count,working_time_modes_id,working_time_modes_name,salary_from,salary_to,currency,gross
294,31094223,[],"Программист 1С на платформе 1С 8.3, конфигурация УТ 11.4",False,2,"[1221, 1536]","['Программирование, Разработка', 'CRM системы']",[1],"['Информационные технологии, интернет, телеком']",between3And6,От 3 до 6 лет,fullDay,Полный день,full,Полная занятость,112,Ярославль,0,[],[],0,[],[],0,[],[],80000.0,,RUR,True
29295,38441866,"[{'name': 'Node.js'}, {'name': 'MySQL'}, {'name': 'Redis'}, {'name': 'RabbitMQ'}, {'name': 'Docker'}, {'name': 'JavaScript'}, {'name': 'Git'}, {'name': 'Nginx'}, {'name': 'MS SQL'}, {'name': 'ООП'}, {'name': 'Python'}, {'name': 'Linux'}, {'name': 'Администрирование серверов Linux'}]",Разработчик серверной части на NodeJS,False,1,[1221],"['Программирование, Разработка']",[1],"['Информационные технологии, интернет, телеком']",between1And3,От 1 года до 3 лет,fullDay,Полный день,full,Полная занятость,1,Москва,0,[],[],0,[],[],0,[],[],80000.0,120000.0,RUR,False
3203,37223506,"[{'name': 'Nginx'}, {'name': 'MySQL'}, {'name': 'Redis'}, {'name': 'Memcached'}, {'name': 'Apache HTTP Server'}]",Senior System Administrator / SRE,False,6,"[1221, 1270, 1272, 1273, 182, 1211]","['Программирование, Разработка', 'Сетевые технологии', 'Системная интеграция', 'Системный администратор', 'Инженер', 'Поддержка, Helpdesk']",[1],"['Информационные технологии, интернет, телеком']",between3And6,От 3 до 6 лет,remote,Удаленная работа,full,Полная занятость,2,Санкт-Петербург,0,[],[],0,[],[],0,[],[],150000.0,250000.0,RUR,False
7686,39913895,"[{'name': 'Пользователь ПК'}, {'name': 'Высокая скорость печати'}, {'name': 'Работа в команде'}, {'name': 'Грамотность'}, {'name': 'Google Chrome'}, {'name': 'Самодисциплина'}, {'name': 'Усидчивость'}]",Оператор систем видеонаблюдения,False,6,"[1203, 1172, 1110, 1270, 1420, 8461]","['Передача данных и доступ в интернет', 'Начальный уровень, Мало опыта', 'Компьютерная безопасность', 'Сетевые технологии', 'Администратор баз данных', 'Системы видеонаблюдения']","[8, 1]","['Безопасность', 'Информационные технологии, интернет, телеком']",noExperience,Нет опыта,remote,Удаленная работа,full,Полная занятость,4,Новосибирск,0,[],[],0,[],[],0,[],[],15000.0,25000.0,RUR,False
17922,39737218,"[{'name': 'Git'}, {'name': 'JavaScript'}, {'name': 'MySQL'}, {'name': 'PHP5'}, {'name': 'HTML'}]",Back-end разработчик,False,6,"[1221, 1270, 1272, 19, 189, 110]","['Программирование, Разработка', 'Сетевые технологии', 'Системная интеграция', 'Web инженер', 'Интернет', 'Web мастер']",[1],"['Информационные технологии, интернет, телеком']",between1And3,От 1 года до 3 лет,remote,Удаленная работа,full,Полная занятость,54,Красноярск,0,[],[],0,[],[],0,[],[],40000.0,,RUR,False
4704,39364242,"[{'name': 'CRM'}, {'name': 'Zappier'}, {'name': 'Python'}, {'name': 'SQL'}]",Analyst CRM,False,2,"[5369, 1536]","['Отчетность', 'CRM системы']","[1, 5]","['Банки, инвестиции, лизинг', 'Информационные технологии, интернет, телеком']",between1And3,От 1 года до 3 лет,fullDay,Полный день,full,Полная занятость,68,Омск,0,[],[],0,[],[],0,[],[],80000.0,,RUR,False
5748,38613607,"[{'name': 'Ремонт ПК'}, {'name': 'Windows 7'}, {'name': 'Администрирование серверов Windows'}, {'name': 'Администрирование сетевого оборудования'}, {'name': 'Настройка ПК'}, {'name': 'Сборка ПК'}, {'name': 'Автоматизация производства'}, {'name': 'проектирование СКУД'}, {'name': 'Verilog HDL'}]",Инженер по автоматизации,False,6,"[1110, 1270, 1272, 150, 182, 1274]","['Компьютерная безопасность', 'Сетевые технологии', 'Системная интеграция', 'Системы управления предприятием (ERP)', 'Инженер', 'Системы автоматизированного проектирования']",[1],"['Информационные технологии, интернет, телеком']",between1And3,От 1 года до 3 лет,fullDay,Полный день,full,Полная занятость,76,Ростов-на-Дону,0,[],[],0,[],[],0,[],[],30000.0,36000.0,RUR,True
15216,39251981,[],"Специалист отдела гарантии (бытовая и компьютерная техника, ТЦ Созвездие)",False,5,"[1172, 25381, 25386, 17111, 17487]","['Начальный уровень, Мало опыта', 'Сервисный инженер', 'Инсталляция и настройка оборудования', 'Компьютерная техника', 'Бытовая техника']","[1, 25, 17]","['Инсталляция и сервис', 'Продажи', 'Информационные технологии, интернет, телеком']",between1And3,От 1 года до 3 лет,shift,Сменный график,full,Полная занятость,66,Нижний Новгород,0,[],[],0,[],[],0,[],[],25000.0,,RUR,False
8378,38737222,"[{'name': 'Python'}, {'name': 'MySQL'}, {'name': 'Ориентация на результат'}, {'name': 'Управление временем'}, {'name': 'Базы данных'}]",Senior/Teamlead Python developer,False,1,[1221],"['Программирование, Разработка']",[1],"['Информационные технологии, интернет, телеком']",between3And6,От 3 до 6 лет,fullDay,Полный день,full,Полная занятость,2,Санкт-Петербург,0,[],[],0,[],[],0,[],[],,300000.0,RUR,False
21734,38845813,"[{'name': 'Cisco'}, {'name': 'Wifi networks'}, {'name': 'Администрирование сетевого оборудования'}, {'name': 'Настройка сетевых подключений'}, {'name': 'TCP/IP'}]",Инженер по сетевым технологиям,False,1,[1270],['Сетевые технологии'],[1],"['Информационные технологии, интернет, телеком']",between3And6,От 3 до 6 лет,fullDay,Полный день,full,Полная занятость,95,Тюмень,0,[],[],0,[],[],0,[],[],75000.0,,RUR,False
25756,38164353,"[{'name': 'Пользователь ПК'}, {'name': 'Грамотная речь'}]",Специалист по работе с клиентами,False,4,"[1172, 1295, 189, 12180]","['Начальный уровень, Мало опыта', 'Телекоммуникации', 'Интернет', 'Начальный уровень, Мало опыта']","[1, 12]","['Консультирование', 'Информационные технологии, интернет, телеком']",noExperience,Нет опыта,fullDay,Полный день,full,Полная занятость,1512,Волжский(Волгоградская область),0,[],[],0,[],[],0,[],[],25000.0,,RUR,False
14816,37979198,"[{'name': 'Веб-аналитика'}, {'name': 'HTML'}, {'name': 'Google Analytics'}, {'name': 'CSS3'}]",Веб-аналитик,False,6,"[1221, 1272, 150, 182, 125, 1137]","['Программирование, Разработка', 'Системная интеграция', 'Системы управления предприятием (ERP)', 'Инженер', 'Аналитик', 'Маркетинг']",[1],"['Информационные технологии, интернет, телеком']",between1And3,От 1 года до 3 лет,fullDay,Полный день,full,Полная занятость,72,Пермь,0,[],[],0,[],[],0,[],[],50000.0,,RUR,False
2880,39990306,"[{'name': '1С программирование'}, {'name': '1С: Предприятие 8'}]",Программист 1С,False,1,[1221],"['Программирование, Разработка']",[1],"['Информационные технологии, интернет, телеком']",noExperience,Нет опыта,fullDay,Полный день,full,Полная занятость,49,Киров (Кировская область),0,[],[],0,[],[],0,[],[],30000.0,,RUR,False
9180,36846930,"[{'name': 'SQL'}, {'name': 'IBSO'}, {'name': 'ИБС'}, {'name': 'PL+'}, {'name': 'ORACLE'}, {'name': 'PL/SQL'}, {'name': 'ЦФТ-Банк'}]",Программист/Разработчик на платформе ЦФТ-Банк,False,5,"[1395, 1221, 1272, 5367, 5106]","['Банковское ПО', 'Программирование, Разработка', 'Системная интеграция', 'Методология, Банковские технологии', 'Коммерческий банк']","[1, 5]","['Банки, инвестиции, лизинг', 'Информационные технологии, интернет, телеком']",between1And3,От 1 года до 3 лет,fullDay,Полный день,full,Полная занятость,4,Новосибирск,0,[],[],0,[],[],0,[],[],60000.0,,RUR,False
30638,39490700,"[{'name': 'Английский язык'}, {'name': 'Грамотность'}, {'name': 'Mac Os'}, {'name': 'Unity'}, {'name': 'C#'}, {'name': 'iOS'}, {'name': 'Android'}]",Ведущий Unity разработчик,False,1,[1221],"['Программирование, Разработка']",[1],"['Информационные технологии, интернет, телеком']",between3And6,От 3 до 6 лет,fullDay,Полный день,full,Полная занятость,1,Москва,0,[],[],0,[],[],0,[],[],180000.0,240000.0,RUR,True
20634,39690902,"[{'name': 'Холодные продажи'}, {'name': 'CRM'}, {'name': 'Активные продажи'}, {'name': 'Холодные звонки'}, {'name': 'Клиентоориентированность'}]",Менеджер холодных продаж,False,2,"[1225, 17538]","['Продажи', 'Продажи по телефону, Телемаркетинг']","[1, 17]","['Продажи', 'Информационные технологии, интернет, телеком']",between1And3,От 1 года до 3 лет,remote,Удаленная работа,full,Полная занятость,90,Томск,0,[],[],0,[],[],0,[],[],50000.0,100000.0,RUR,True
21768,39668000,"[{'name': 'Информационные технологии'}, {'name': 'Windows 7'}, {'name': 'Системное мышление'}, {'name': 'Cистемы управления базами данных'}]",Руководитель IT-отдела,False,3,"[1110, 1273, 1420]","['Компьютерная безопасность', 'Системный администратор', 'Администратор баз данных']",[1],"['Информационные технологии, интернет, телеком']",between3And6,От 3 до 6 лет,fullDay,Полный день,full,Полная занятость,1375,Нижневартовск,0,[],[],0,[],[],0,[],[],100000.0,,RUR,False
28136,38368465,"[{'name': 'Английский язык'}, {'name': 'MATLAB'}, {'name': 'Математическое программирование'}, {'name': 'Mathcad'}, {'name': 'MS Visual Studio'}]",Инженер-программист 1 категории,False,3,"[1221, 182, 1881]","['Программирование, Разработка', 'Инженер', 'Инженер']","[1, 18]","['Производство, сельское хозяйство', 'Информационные технологии, интернет, телеком']",between3And6,От 3 до 6 лет,fullDay,Полный день,full,Полная занятость,1,Москва,0,[],[],0,[],[],0,[],[],60000.0,,RUR,True
21102,39594457,"[{'name': 'Пользователь ПК'}, {'name': 'Стратегия Развития'}, {'name': 'Стратегическое мышление'}, {'name': 'Умение работать в команде'}, {'name': 'Поиск информации в интернет'}]",Business development manager - USA (White Label Products),False,6,"[17333, 17324, 1225, 1474, 3148, 390]","['Услуги для бизнеса', 'Управление продажами', 'Продажи', 'Стартапы', 'Менеджер по работе с клиентами', 'Интернет-маркетинг']","[17, 3, 1]","['Маркетинг, реклама, PR', 'Продажи', 'Информационные технологии, интернет, телеком']",between3And6,От 3 до 6 лет,fullDay,Полный день,full,Полная занятость,1,Москва,0,[],[],0,[],[],0,[],[],100000.0,180000.0,RUR,False
33240,39439890,"[{'name': 'JS'}, {'name': 'Git'}, {'name': 'CSS3'}, {'name': 'HTML5'}, {'name': 'react'}]",Front-end разработчик,False,3,"[1221, 1536, 19]","['Программирование, Разработка', 'CRM системы', 'Web инженер']",[1],"['Информационные технологии, интернет, телеком']",between1And3,От 1 года до 3 лет,fullDay,Полный день,full,Полная занятость,95,Тюмень,0,[],[],0,[],[],0,[],[],,80000.0,RUR,False
2881,39990309,[],Менеджер по продажам IT,False,5,"[17112, 17625, 1225, 1327, 12326]","['Компьютерные программы', 'Решения по автоматизации процессов', 'Продажи', 'Управление проектами', 'Управление проектами']","[17, 12, 1]","['Консультирование', 'Продажи', 'Информационные технологии, интернет, телеком']",between3And6,От 3 до 6 лет,fullDay,Полный день,full,Полная занятость,1,Москва,0,[],[],0,[],[],0,[],[],50000.0,250000.0,RUR,False
1977,32898006,"[{'name': 'CSS'}, {'name': 'Git'}, {'name': 'HTML'}, {'name': 'Английский язык'}, {'name': 'JavaScript'}]",Senior React-специалист,False,1,[1221],"['Программирование, Разработка']",[1],"['Информационные технологии, интернет, телеком']",between1And3,От 1 года до 3 лет,fullDay,Полный день,full,Полная занятость,98,Ульяновск,0,[],[],0,[],[],0,[],[],,180000.0,RUR,True
32206,38718287,[],Ведущий инженер группы эксплуатации коммутационной подсистемы,False,3,"[182, 1277, 1295]","['Инженер', 'Сотовые, Беспроводные технологии', 'Телекоммуникации']",[1],"['Информационные технологии, интернет, телеком']",between1And3,От 1 года до 3 лет,fullDay,Полный день,full,Полная занятость,77,Рязань,0,[],[],0,[],[],0,[],[],57000.0,,RUR,True
18989,39171167,[],Программист 1С (м. Нагатинская),False,3,"[7235, 1221, 1816]","['Производство', 'Программирование, Разработка', 'Автомобильная промышленность']","[1, 18, 7]","['Производство, сельское хозяйство', 'Автомобильный бизнес', 'Информационные технологии, интернет, телеком']",between1And3,От 1 года до 3 лет,fullDay,Полный день,full,Полная занятость,1,Москва,0,[],[],0,[],[],0,[],[],100000.0,150000.0,RUR,True
12632,38713751,"[{'name': 'Монтаж оборудования'}, {'name': 'Управление отношениями с клиентами'}, {'name': 'Ориентация на результат'}]",Монтажник базовых станций,False,4,"[25383, 1277, 1295, 29581]","['Менеджер по сервису - сетевые и телекоммуникационные технологии', 'Сотовые, Беспроводные технологии', 'Телекоммуникации', 'Монтажник']","[25, 29, 1]","['Рабочий персонал', 'Инсталляция и сервис', 'Информационные технологии, интернет, телеком']",between1And3,От 1 года до 3 лет,fullDay,Полный день,full,Полная занятость,23,Владимир,0,[],[],0,[],[],0,[],[],70000.0,,RUR,True
4040,38229684,[],Ведущий разработчик .net,False,3,"[1221, 1272, 182]","['Программирование, Разработка', 'Системная интеграция', 'Инженер']",[1],"['Информационные технологии, интернет, телеком']",moreThan6,Более 6 лет,fullDay,Полный день,full,Полная занятость,90,Томск,0,[],[],0,[],[],0,[],[],120000.0,,RUR,False
1166,36714016,[],Специалист технической поддержки,False,5,"[1292, 1211, 1117, 1536, 189]","['Информационные технологии', 'Поддержка, Helpdesk', 'Тестирование', 'CRM системы', 'Интернет']","[1, 12]","['Консультирование', 'Информационные технологии, интернет, телеком']",between1And3,От 1 года до 3 лет,remote,Удаленная работа,full,Полная занятость,1360,Нефтекамск,0,[],[],0,[],[],0,[],[],28000.0,55000.0,RUR,True
8143,38076014,"[{'name': '1С: Управление персоналом'}, {'name': 'Планирование карьеры'}, {'name': 'Автоматизированное рабочее место (АРМ)'}, {'name': 'MS Dos'}]",Наладчик станков с ЧПУ,False,4,"[18142, 182, 29162, 29553]","['Машиностроение', 'Инженер', 'Наладчик', 'Оператор станков']","[1, 18, 29]","['Производство, сельское хозяйство', 'Рабочий персонал', 'Информационные технологии, интернет, телеком']",between1And3,От 1 года до 3 лет,flexible,Гибкий график,full,Полная занятость,1730,Муром,0,[],[],0,[],[],0,[],[],80000.0,,RUR,True
24891,38491259,[],Менеджер по продажам В2В для Яндекс.Директа,False,2,"[1225, 4278]","['Продажи', 'Сотрудник call-центра']","[1, 4]","['Административный персонал', 'Информационные технологии, интернет, телеком']",between1And3,От 1 года до 3 лет,remote,Удаленная работа,part,Частичная занятость,1516,Камышин,0,[],[],0,[],[],0,[],[],25000.0,,RUR,True
22127,37540463,[],Team lead Data Science,False,6,"[1292, 1221, 182, 13, 1327, 994]","['Информационные технологии', 'Программирование, Разработка', 'Инженер', 'CTO, CIO, Директор по IT', 'Управление проектами', 'Информационные технологии, Интернет, Мультимедиа']","[1, 12, 9]","['Консультирование', 'Высший менеджмент', 'Информационные технологии, интернет, телеком']",between3And6,От 3 до 6 лет,fullDay,Полный день,full,Полная занятость,1,Москва,0,[],[],0,[],[],0,[],[],180000.0,300000.0,RUR,True
13723,38912752,"[{'name': 'Строительство'}, {'name': 'Проектная документация'}, {'name': 'Строительное делопроизводство'}, {'name': 'Работа в команде'}, {'name': 'Пользователь ПК'}]",Мастер участка слаботочных систем,False,4,"[20287, 2083, 20387, 182]","['Строительство', 'Инженер', 'Прораб', 'Инженер']","[1, 20]","['Строительство, недвижимость', 'Информационные технологии, интернет, телеком']",between1And3,От 1 года до 3 лет,fullDay,Полный день,full,Полная занятость,1,Москва,0,[],[],0,[],[],0,[],[],60000.0,,RUR,False
16432,38698832,[],Продавец-консультант в салон связи (ТЦ Аврора),False,5,"[17269, 17256, 17535, 17520, 1295]","['Телекоммуникации, Сетевые решения', 'Розничная торговля', 'Торговые сети', 'Продавец в магазине', 'Телекоммуникации']","[17, 1]","['Продажи', 'Информационные технологии, интернет, телеком']",noExperience,Нет опыта,fullDay,Полный день,full,Полная занятость,78,Самара,0,[],[],0,[],[],0,[],[],23000.0,29000.0,RUR,True
19701,36162421,"[{'name': 'SQL'}, {'name': 'Java'}, {'name': 'JavaScript'}, {'name': 'HTML'}, {'name': 'CSS'}]",Java-разработчик для проекта цифровой платформы актуальных городских данных,False,1,[1221],"['Программирование, Разработка']",[1],"['Информационные технологии, интернет, телеком']",between1And3,От 1 года до 3 лет,fullDay,Полный день,full,Полная занятость,2,Санкт-Петербург,0,[],[],0,[],[],0,[],[],,150000.0,RUR,True
17958,39080207,"[{'name': '1С: Зарплата и управление персоналом'}, {'name': '1С программирование'}, {'name': '1С: Предприятие 8'}, {'name': '1С: Бухгалтерия'}, {'name': '1C: Бухгалтерия'}]",Ведущий 1С инженер-аналитик,False,2,"[1221, 125]","['Программирование, Разработка', 'Аналитик']",[1],"['Информационные технологии, интернет, телеком']",noExperience,Нет опыта,fullDay,Полный день,full,Полная занятость,71,Пенза,0,[],[],0,[],[],0,[],[],,50000.0,RUR,True
31217,38066288,[],Менеджер по продажам B2B,False,2,"[1225, 4278]","['Продажи', 'Сотрудник call-центра']","[1, 4]","['Административный персонал', 'Информационные технологии, интернет, телеком']",between1And3,От 1 года до 3 лет,remote,Удаленная работа,part,Частичная занятость,1570,Новотроицк (Оренбургская область),0,[],[],0,[],[],0,[],[],20000.0,,RUR,True
22900,38458728,[],Ведущий менеджер по продажам (развитие направления СБИС),False,6,"[17333, 17112, 17625, 17149, 17538, 1225]","['Услуги для бизнеса', 'Компьютерные программы', 'Решения по автоматизации процессов', 'Менеджер по работе с клиентами', 'Продажи по телефону, Телемаркетинг', 'Продажи']","[17, 1]","['Продажи', 'Информационные технологии, интернет, телеком']",between1And3,От 1 года до 3 лет,fullDay,Полный день,full,Полная занятость,72,Пермь,0,[],[],0,[],[],0,[],[],40000.0,,RUR,True
32708,38863674,"[{'name': 'Git'}, {'name': 'Java'}, {'name': 'Android'}, {'name': 'iOS'}, {'name': 'Objective-C'}, {'name': 'C++'}, {'name': 'Lua'}, {'name': 'OpenGL'}]",Gameplay программист,False,3,"[1475, 1221, 189]","['Игровое ПО', 'Программирование, Разработка', 'Интернет']",[1],"['Информационные технологии, интернет, телеком']",between1And3,От 1 года до 3 лет,fullDay,Полный день,full,Полная занятость,32,Иваново (Ивановская область),0,[],[],0,[],[],0,[],[],40000.0,80000.0,RUR,True
7779,39637172,"[{'name': 'Пользователь ПК'}, {'name': 'Поиск информации в интернет'}, {'name': 'Работа с оргтехникой'}, {'name': 'MS Outlook'}, {'name': 'Умение работать в команде'}, {'name': '1С: Предприятие 8'}, {'name': 'Телефонные переговоры, прием и обработка заказов'}]",Менеджер по продажам видеонаблюдения и систем безопасности,False,6,"[17269, 8461, 8575, 1225, 1295, 26410]","['Телекоммуникации, Сетевые решения', 'Системы видеонаблюдения', 'Пожарная безопасность', 'Продажи', 'Телекоммуникации', 'Компьютерная техника']","[8, 17, 26, 1]","['Безопасность', 'Закупки', 'Продажи', 'Информационные технологии, интернет, телеком']",noExperience,Нет опыта,fullDay,Полный день,full,Полная занятость,41,Калининград,0,[],[],0,[],[],0,[],[],35000.0,55000.0,RUR,False
3464,35649337,[],Специалист технической поддержки,False,5,"[1292, 1211, 1117, 1536, 189]","['Информационные технологии', 'Поддержка, Helpdesk', 'Тестирование', 'CRM системы', 'Интернет']","[1, 12]","['Консультирование', 'Информационные технологии, интернет, телеком']",between1And3,От 1 года до 3 лет,remote,Удаленная работа,full,Полная занятость,83,Смоленск,0,[],[],0,[],[],0,[],[],28000.0,55000.0,RUR,True
24450,38294253,[],Программист С++ / Разработчик игр,False,5,"[1475, 1221, 1161, 182, 19]","['Игровое ПО', 'Программирование, Разработка', 'Мультимедиа', 'Инженер', 'Web инженер']",[1],"['Информационные технологии, интернет, телеком']",between3And6,От 3 до 6 лет,fullDay,Полный день,full,Полная занятость,4,Новосибирск,0,[],[],0,[],[],0,[],[],80000.0,,RUR,False
33472,38869534,[],Специалист по продаже и установке спутникового ТВ,False,5,"[17269, 25381, 25386, 1225, 29581]","['Телекоммуникации, Сетевые решения', 'Сервисный инженер', 'Инсталляция и настройка оборудования', 'Продажи', 'Монтажник']","[17, 29, 25, 1]","['Рабочий персонал', 'Инсталляция и сервис', 'Продажи', 'Информационные технологии, интернет, телеком']",noExperience,Нет опыта,flexible,Гибкий график,part,Частичная занятость,4172,Богатые Сабы,0,[],[],0,[],[],0,[],[],30000.0,,RUR,True
817,39742441,"[{'name': 'Ruby On Rails'}, {'name': 'PostgreSQL'}, {'name': 'Ruby'}, {'name': 'Пользователь ПК'}]",Middle backend-разработчик (Ruby),True,3,"[1221, 1272, 110]","['Программирование, Разработка', 'Системная интеграция', 'Web мастер']",[1],"['Информационные технологии, интернет, телеком']",between3And6,От 3 до 6 лет,fullDay,Полный день,full,Полная занятость,2,Санкт-Петербург,0,[],[],0,[],[],0,[],[],125000.0,150000.0,RUR,True
9699,39348858,[],SEO-специалист / Интернет-маркетолог,False,6,"[1400, 1225, 125, 189, 1137, 390]","['Оптимизация сайта (SEO)', 'Продажи', 'Аналитик', 'Интернет', 'Маркетинг', 'Интернет-маркетинг']","[1, 3]","['Маркетинг, реклама, PR', 'Информационные технологии, интернет, телеком']",between1And3,От 1 года до 3 лет,fullDay,Полный день,full,Полная занятость,23,Владимир,0,[],[],0,[],[],0,[],[],50000.0,80000.0,RUR,True
30990,35648835,"[{'name': 'Английский язык'}, {'name': 'Проведение презентаций'}, {'name': 'Пользователь ПК'}, {'name': 'Грамотная речь'}, {'name': 'Консультативные продажи'}]",Инженер технической поддержки (цифровые микросхемы),False,4,"[1225, 182, 1211, 1744]","['Продажи', 'Инженер', 'Поддержка, Helpdesk', 'Другое']",[1],"['Информационные технологии, интернет, телеком']",between1And3,От 1 года до 3 лет,fullDay,Полный день,full,Полная занятость,1,Москва,0,[],[],0,[],[],0,[],[],90000.0,,RUR,False
1081,39316267,"[{'name': 'Python'}, {'name': 'Java'}, {'name': 'Atlassian Jira'}, {'name': 'SQL'}, {'name': 'Функциональное тестирование'}]",Тест - менеджер,False,1,[1117],['Тестирование'],[1],"['Информационные технологии, интернет, телеком']",between3And6,От 3 до 6 лет,remote,Удаленная работа,full,Полная занятость,1,Москва,0,[],[],0,[],[],0,[],[],200000.0,,RUR,False
23798,39627573,"[{'name': 'Active Directory'}, {'name': 'DHCP'}, {'name': 'Windows Server 2003'}, {'name': 'Настройка DNS'}, {'name': 'VMware'}]",Системный администратор,False,2,"[1273, 1211]","['Системный администратор', 'Поддержка, Helpdesk']",[1],"['Информационные технологии, интернет, телеком']",between1And3,От 1 года до 3 лет,fullDay,Полный день,full,Полная занятость,2062,Пушкино (Московская область),0,[],[],0,[],[],0,[],[],45000.0,50000.0,RUR,False
30541,39493781,[],Специалист службы поддержки пользователей,False,3,"[1211, 12180, 15391]","['Поддержка, Helpdesk', 'Начальный уровень, Мало опыта', 'Консультирование']","[1, 12, 15]","['Консультирование', 'Начало карьеры, студенты', 'Информационные технологии, интернет, телеком']",noExperience,Нет опыта,remote,Удаленная работа,full,Полная занятость,77,Рязань,0,[],[],0,[],[],0,[],[],22000.0,40000.0,RUR,True
5946,36846961,[],Администратор на телефон,False,6,"[1172, 3114, 15146, 12180, 4181, 4264]","['Начальный уровень, Мало опыта', 'Консультант', 'Медицина, Фармацевтика', 'Начальный уровень, Мало опыта', 'Начальный уровень, Мало опыта', 'Секретарь']","[1, 3, 4, 12, 15]","['Информационные технологии, интернет, телеком', 'Консультирование', 'Начало карьеры, студенты', 'Маркетинг, реклама, PR', 'Административный персонал']",noExperience,Нет опыта,flexible,Гибкий график,part,Частичная занятость,1240,Новокузнецк,0,[],[],0,[],[],0,[],[],20000.0,,RUR,False
24845,38491164,[],Менеджер по продажам В2В для Яндекс.Директа,False,2,"[1225, 4278]","['Продажи', 'Сотрудник call-центра']","[1, 4]","['Административный персонал', 'Информационные технологии, интернет, телеком']",between1And3,От 1 года до 3 лет,remote,Удаленная работа,part,Частичная занятость,23,Владимир,0,[],[],0,[],[],0,[],[],25000.0,,RUR,True
17684,39739694,"[{'name': 'Git'}, {'name': 'Unity'}, {'name': 'C#'}]",Middle C# Programmer,False,1,[1475],['Игровое ПО'],[1],"['Информационные технологии, интернет, телеком']",noExperience,Нет опыта,fullDay,Полный день,full,Полная занятость,1,Москва,0,[],[],0,[],[],0,[],[],100000.0,150000.0,RUR,False
7506,39001439,"[{'name': '1С: Управление персоналом'}, {'name': 'Turbo Pascal'}, {'name': 'Планирование карьеры'}, {'name': '1С: Предприятие'}]","Оператор 1""С""",False,1,[1221],"['Программирование, Разработка']",[1],"['Информационные технологии, интернет, телеком']",between1And3,От 1 года до 3 лет,fullDay,Полный день,full,Полная занятость,68,Омск,0,[],[],0,[],[],0,[],[],20000.0,,RUR,False
5764,38942898,"[{'name': 'входящие звонки'}, {'name': 'Консультирование клиентов по телефону'}]",Менеджер по работе с клиентами (не продажи),False,2,"[4181, 1295]","['Начальный уровень, Мало опыта', 'Телекоммуникации']","[1, 4]","['Административный персонал', 'Информационные технологии, интернет, телеком']",between1And3,От 1 года до 3 лет,shift,Сменный график,full,Полная занятость,23,Владимир,0,[],[],0,[],[],0,[],[],20000.0,25000.0,RUR,False
9547,39372202,"[{'name': 'Грамотная речь'}, {'name': 'Пользователь ПК'}, {'name': 'Настройка ПК'}, {'name': 'Грамотность'}, {'name': 'Поиск информации в интернет'}]",Специалист технической поддержки,False,4,"[1172, 1211, 1295, 189]","['Начальный уровень, Мало опыта', 'Поддержка, Helpdesk', 'Телекоммуникации', 'Интернет']",[1],"['Информационные технологии, интернет, телеком']",noExperience,Нет опыта,shift,Сменный график,part,Частичная занятость,2,Санкт-Петербург,0,[],[],0,[],[],0,[],[],19000.0,,RUR,False
26871,39571466,[],Программист 1С,False,6,"[1221, 150, 182, 1117, 1327, 1296]","['Программирование, Разработка', 'Системы управления предприятием (ERP)', 'Инженер', 'Тестирование', 'Управление проектами', 'Технический писатель']",[1],"['Информационные технологии, интернет, телеком']",between1And3,От 1 года до 3 лет,fullDay,Полный день,full,Полная занятость,87,Тамбов,0,[],[],0,[],[],0,[],[],50000.0,,RUR,False
1230,39306956,"[{'name': 'Бизнес-анализ'}, {'name': 'Маркетинговый анализ'}, {'name': 'Бизнес-планирование'}, {'name': 'Информационные технологии'}, {'name': 'CRM'}, {'name': 'Ориентация на клиента'}, {'name': 'Ведение переговоров'}, {'name': 'Развитие продаж'}, {'name': 'Составление бизнес-плана'}]",Бизнес-консультант ИТ-проектов,False,5,"[1113, 1359, 1536, 125, 1137]","['Консалтинг, Аутсорсинг', 'Электронная коммерция', 'CRM системы', 'Аналитик', 'Маркетинг']",[1],"['Информационные технологии, интернет, телеком']",between3And6,От 3 до 6 лет,fullDay,Полный день,full,Полная занятость,1,Москва,0,[],[],0,[],[],0,[],[],150000.0,200000.0,RUR,False
7467,39417458,"[{'name': 'Администрирование серверов Windows'}, {'name': 'Администрирование сетевого оборудования'}, {'name': 'Helpdesk'}, {'name': 'Клиентоориентированность'}, {'name': 'Настройка ПК'}, {'name': 'Техническая поддержка'}]",Системный администратор,False,5,"[1270, 1113, 1273, 1211, 189]","['Сетевые технологии', 'Консалтинг, Аутсорсинг', 'Системный администратор', 'Поддержка, Helpdesk', 'Интернет']",[1],"['Информационные технологии, интернет, телеком']",between1And3,От 1 года до 3 лет,fullDay,Полный день,full,Полная занятость,22,Владивосток,0,[],[],0,[],[],0,[],[],40000.0,55000.0,RUR,False
4933,39022227,"[{'name': 'Ремонт ПК'}, {'name': 'Настройка ПК'}, {'name': 'Сборка ПК'}, {'name': 'Настройка ПО'}, {'name': 'Активные продажи'}]",Специалист по продажам услуг,False,4,"[1172, 1225, 17334, 17242]","['Начальный уровень, Мало опыта', 'Продажи', 'Услуги для населения', 'Прямые продажи']","[1, 17]","['Продажи', 'Информационные технологии, интернет, телеком']",between1And3,От 1 года до 3 лет,fullDay,Полный день,full,Полная занятость,1,Москва,0,[],[],0,[],[],0,[],[],60000.0,,RUR,False
33387,39437161,"[{'name': 'PostgreSQL'}, {'name': 'Angular'}, {'name': 'Flutter'}, {'name': 'ASP.NET Core'}]",Backend Developer (C#),False,1,[1221],"['Программирование, Разработка']",[1],"['Информационные технологии, интернет, телеком']",between1And3,От 1 года до 3 лет,remote,Удаленная работа,full,Полная занятость,73,Петрозаводск,0,[],[],0,[],[],0,[],[],45000.0,,RUR,False
8472,19999445,[],Менеджер телефонных продаж,False,4,"[17269, 1225, 12180, 15389]","['Телекоммуникации, Сетевые решения', 'Продажи', 'Начальный уровень, Мало опыта', 'Продажи']","[17, 12, 1, 15]","['Начало карьеры, студенты', 'Консультирование', 'Продажи', 'Информационные технологии, интернет, телеком']",noExperience,Нет опыта,flexible,Гибкий график,part,Частичная занятость,66,Нижний Новгород,0,[],[],0,[],[],0,[],[],30000.0,,RUR,True
23150,39115828,"[{'name': 'Администрирование сайтов'}, {'name': 'Дистанционное обучение'}, {'name': 'Работа с базами данных'}, {'name': 'Moodle'}]",Инженер по техническим средствам обучения,False,3,"[1273, 182, 1420]","['Системный администратор', 'Инженер', 'Администратор баз данных']",[1],"['Информационные технологии, интернет, телеком']",between1And3,От 1 года до 3 лет,fullDay,Полный день,full,Полная занятость,4,Новосибирск,0,[],[],0,[],[],0,[],[],32500.0,32500.0,RUR,True
8708,36577520,[],Специалист по продаже и установке спутникового ТВ,False,5,"[17269, 25381, 25386, 1225, 29581]","['Телекоммуникации, Сетевые решения', 'Сервисный инженер', 'Инсталляция и настройка оборудования', 'Продажи', 'Монтажник']","[17, 29, 25, 1]","['Рабочий персонал', 'Инсталляция и сервис', 'Продажи', 'Информационные технологии, интернет, телеком']",noExperience,Нет опыта,flexible,Гибкий график,part,Частичная занятость,1789,Вышний Волочек,0,[],[],0,[],[],0,[],[],30000.0,,RUR,True
12444,39260106,"[{'name': 'Пользователь ПК'}, {'name': '1С программирование'}, {'name': 'Исполнение личных поручений руководителя'}, {'name': 'Работа с большим объемом информации'}, {'name': 'Работа с оргтехникой'}]",Программист 1С,False,4,"[1221, 1272, 150, 1536]","['Программирование, Разработка', 'Системная интеграция', 'Системы управления предприятием (ERP)', 'CRM системы']",[1],"['Информационные технологии, интернет, телеком']",between1And3,От 1 года до 3 лет,fullDay,Полный день,full,Полная занятость,131,Симферополь,0,[],[],0,[],[],0,[],[],50000.0,,RUR,True
8009,29513781,[],Менеджер по продажам на телефоне,False,5,"[17269, 17183, 17538, 1225, 1295]","['Телекоммуникации, Сетевые решения', 'Начальный уровень, Мало опыта', 'Продажи по телефону, Телемаркетинг', 'Продажи', 'Телекоммуникации']","[17, 1]","['Продажи', 'Информационные технологии, интернет, телеком']",noExperience,Нет опыта,remote,Удаленная работа,part,Частичная занятость,15,Астрахань,0,[],[],0,[],[],0,[],[],20000.0,,RUR,True
6188,38157886,"[{'name': 'Подбор персонала'}, {'name': 'Рекрутмент'}, {'name': 'Teamleading'}, {'name': 'Прямой поиск'}, {'name': 'Умение работать в коллективе'}]",IT-рекрутер / tech-recruiter (в специализированное IT КА),False,4,"[1172, 6254, 6319, 6184]","['Начальный уровень, Мало опыта', 'Рекрутмент', 'Управление персоналом', 'Начальный уровень, Мало опыта']","[1, 6]","['Управление персоналом, тренинги', 'Информационные технологии, интернет, телеком']",noExperience,Нет опыта,fullDay,Полный день,full,Полная занятость,1,Москва,0,[],[],0,[],[],0,[],[],50000.0,120000.0,RUR,False
15941,39770104,"[{'name': 'SQL'}, {'name': 'Тестирование'}, {'name': 'ООП'}]",Тестировщик ПО / QA Engineer,False,1,[1117],['Тестирование'],[1],"['Информационные технологии, интернет, телеком']",noExperience,Нет опыта,fullDay,Полный день,full,Полная занятость,78,Самара,0,[],[],0,[],[],0,[],[],30000.0,,RUR,False
4699,39363980,"[{'name': 'MS Excel'}, {'name': 'Наполнение контентом'}, {'name': 'Работа с большим объемом информации'}, {'name': '1С-Битрикс'}]",Контент-менеджер,False,5,"[3305, 3150, 390, 1116, 1137]","['Торговый маркетинг(Trade marketing)', 'Менеджмент продукта (Product manager)', 'Интернет-маркетинг', 'Контент', 'Маркетинг']","[1, 3]","['Маркетинг, реклама, PR', 'Информационные технологии, интернет, телеком']",between1And3,От 1 года до 3 лет,remote,Удаленная работа,full,Полная занятость,1,Москва,0,[],[],0,[],[],0,[],[],30000.0,,RUR,False
12644,38926556,[],Программист 1С (удаленно),False,3,"[1172, 1221, 1593]","['Начальный уровень, Мало опыта', 'Программирование, Разработка', 'Информационные технологии, Интернет, Мультимедиа']","[1, 15]","['Начало карьеры, студенты', 'Информационные технологии, интернет, телеком']",noExperience,Нет опыта,fullDay,Полный день,full,Полная занятость,1,Москва,0,[],[],0,[],[],0,[],[],,250000.0,RUR,False
12340,38932753,"[{'name': 'Холодные продажи'}, {'name': 'Ведение переговоров'}, {'name': 'Обучение персонала'}, {'name': 'Активные продажи'}, {'name': 'Организация мероприятий'}, {'name': 'B2B Продажи'}]","Ведущий менеджер по продажам IT-продуктов (B2B), г. Омск",False,4,"[17269, 17324, 1225, 1295]","['Телекоммуникации, Сетевые решения', 'Управление продажами', 'Продажи', 'Телекоммуникации']","[17, 1]","['Продажи', 'Информационные технологии, интернет, телеком']",between1And3,От 1 года до 3 лет,fullDay,Полный день,full,Полная занятость,68,Омск,0,[],[],0,[],[],0,[],[],60000.0,,RUR,True
24345,33631189,[],Проектировщик пользовательских интерфейсов (UI/UX),False,6,"[1221, 1161, 1327, 125, 110, 1162]","['Программирование, Разработка', 'Мультимедиа', 'Управление проектами', 'Аналитик', 'Web мастер', 'Дизайн, графика, живопись']","[1, 11]","['Искусство, развлечения, масс-медиа', 'Информационные технологии, интернет, телеком']",between1And3,От 1 года до 3 лет,fullDay,Полный день,full,Полная занятость,112,Ярославль,0,[],[],0,[],[],0,[],[],50000.0,90000.0,RUR,True
17546,39740348,"[{'name': 'Грамотная речь'}, {'name': 'Пользователь ПК'}, {'name': 'Ведение переговоров'}, {'name': 'Телефонные переговоры'}, {'name': 'Работа с большим объемом информации'}, {'name': 'Поиск информации в интернет'}, {'name': 'Навыки продаж'}]",Менеджер по продажам (входящий трафик),False,1,[1225],['Продажи'],[1],"['Информационные технологии, интернет, телеком']",noExperience,Нет опыта,fullDay,Полный день,full,Полная занятость,49,Киров (Кировская область),0,[],[],0,[],[],0,[],[],30000.0,,RUR,False
22595,39653295,"[{'name': 'Adobe Photoshop'}, {'name': 'Написание статей'}, {'name': 'Грамотность'}, {'name': 'Пользователь ПК'}, {'name': 'Социальные сети'}]",Корреспондент редакции портала (с функциями SMM-менеджера),False,5,"[1161, 1116, 11134, 1171, 11218]","['Мультимедиа', 'Контент', 'Литературная, Редакторская деятельность', 'Журналистика', 'Пресса']","[1, 11]","['Искусство, развлечения, масс-медиа', 'Информационные технологии, интернет, телеком']",between1And3,От 1 года до 3 лет,fullDay,Полный день,full,Полная занятость,1,Москва,0,[],[],0,[],[],0,[],[],45000.0,,RUR,True
14519,39803611,"[{'name': 'MS Visio'}, {'name': 'Управление проектами'}, {'name': 'MS SharePoint'}, {'name': 'Redmine'}, {'name': 'MS Project'}]",Технический писатель,False,1,[1296],['Технический писатель'],[1],"['Информационные технологии, интернет, телеком']",between3And6,От 3 до 6 лет,fullDay,Полный день,full,Полная занятость,1,Москва,0,[],[],0,[],[],0,[],[],60000.0,130000.0,RUR,True
32071,39067347,"[{'name': 'Холодные продажи'}, {'name': 'Обучение персонала'}, {'name': 'Навыки переговоров'}, {'name': 'исходящие звонки'}, {'name': 'Прием и распределение телефонных звонков'}]",Оператор на телефон (удаленно),False,4,"[6319, 6184, 1211, 4278]","['Управление персоналом', 'Начальный уровень, Мало опыта', 'Поддержка, Helpdesk', 'Сотрудник call-центра']","[1, 4, 6]","['Информационные технологии, интернет, телеком', 'Административный персонал', 'Управление персоналом, тренинги']",between1And3,От 1 года до 3 лет,remote,Удаленная работа,full,Полная занятость,1,Москва,0,[],[],0,[],[],0,[],[],26000.0,33000.0,RUR,False
28418,38388415,"[{'name': 'Активные продажи'}, {'name': 'Поиск и привлечение клиентов'}, {'name': 'Холодные продажи'}, {'name': 'Ведение переговоров'}, {'name': 'Проведение презентаций'}, {'name': 'B2B Продажи'}, {'name': 'Телефонные переговоры'}, {'name': 'Английский язык'}, {'name': 'IT-сектор'}]",Менеджер по продажам IT услуг,False,3,"[1225, 17242, 17538]","['Продажи', 'Прямые продажи', 'Продажи по телефону, Телемаркетинг']","[1, 17]","['Продажи', 'Информационные технологии, интернет, телеком']",noExperience,Нет опыта,fullDay,Полный день,full,Полная занятость,76,Ростов-на-Дону,0,[],[],0,[],[],0,[],[],60000.0,150000.0,RUR,False
14830,38469549,"[{'name': 'Активные продажи'}, {'name': 'Ведение переговоров'}, {'name': 'Организаторские навыки'}, {'name': 'Организация мероприятий'}, {'name': 'Холодные продажи'}, {'name': 'Телефонные переговоры'}, {'name': 'Прямые продажи'}, {'name': 'Организация встреч'}, {'name': 'Проведение презентаций'}, {'name': 'Развитие продаж'}, {'name': 'Ориентация на результат'}, {'name': 'Навыки переговоров'}, {'name': 'Консультирование клиентов'}]",Специалист по работе с корпоративными клиентами,False,5,"[17333, 17242, 15389, 1246, 1137]","['Услуги для бизнеса', 'Прямые продажи', 'Продажи', 'Развитие бизнеса', 'Маркетинг']","[17, 1, 15]","['Информационные технологии, интернет, телеком', 'Продажи', 'Начало карьеры, студенты']",noExperience,Нет опыта,fullDay,Полный день,full,Полная занятость,1375,Нижневартовск,0,[],[],0,[],[],0,[],[],40000.0,90000.0,RUR,False
21215,39567346,"[{'name': 'Грамотная речь'}, {'name': 'Обучение и развитие'}, {'name': 'Грамотность'}]",Специалист службы поддержки(удаленно),False,6,"[1593, 1211, 1296, 12180, 12197, 4278]","['Информационные технологии, Интернет, Мультимедиа', 'Поддержка, Helpdesk', 'Технический писатель', 'Начальный уровень, Мало опыта', 'Организационное консультирование', 'Сотрудник call-центра']","[1, 12, 4, 15]","['Консультирование', 'Информационные технологии, интернет, телеком', 'Административный персонал', 'Начало карьеры, студенты']",noExperience,Нет опыта,remote,Удаленная работа,full,Полная занятость,4,Новосибирск,0,[],[],0,[],[],0,[],[],22000.0,40000.0,RUR,False
111,38001133,"[{'name': 'Администрирование серверов Linux'}, {'name': 'Настройка серверов Apache'}, {'name': 'MySQL'}, {'name': 'PHP'}, {'name': 'HTML'}, {'name': 'CSS'}]",Системный администратор Linux (Техническая поддержка web-приложений),False,5,"[1273, 1211, 1359, 189, 110]","['Системный администратор', 'Поддержка, Helpdesk', 'Электронная коммерция', 'Интернет', 'Web мастер']",[1],"['Информационные технологии, интернет, телеком']",between1And3,От 1 года до 3 лет,remote,Удаленная работа,full,Полная занятость,4,Новосибирск,0,[],[],0,[],[],0,[],[],40000.0,55000.0,RUR,False
14525,39803687,"[{'name': '1С: Предприятие 8'}, {'name': 'Разработка технических заданий'}, {'name': '1с'}]",Консультант 1С удаленно,False,6,"[1221, 1113, 150, 1211, 1744, 125]","['Программирование, Разработка', 'Консалтинг, Аутсорсинг', 'Системы управления предприятием (ERP)', 'Поддержка, Helpdesk', 'Другое', 'Аналитик']",[1],"['Информационные технологии, интернет, телеком']",between3And6,От 3 до 6 лет,remote,Удаленная работа,full,Полная занятость,1,Москва,0,[],[],0,[],[],0,[],[],100000.0,,RUR,True
10239,39874067,"[{'name': 'Веб-аналитика'}, {'name': 'Internet Marketing'}, {'name': 'SMM'}, {'name': 'Управление интернет-проектами'}, {'name': 'Social Media Marketing'}]",Маркетолог,True,6,"[3318, 390, 1400, 1327, 1232, 1137]","['Управление маркетингом', 'Интернет-маркетинг', 'Оптимизация сайта (SEO)', 'Управление проектами', 'Продюсер', 'Маркетинг']","[1, 3]","['Маркетинг, реклама, PR', 'Информационные технологии, интернет, телеком']",between1And3,От 1 года до 3 лет,fullDay,Полный день,full,Полная занятость,17,Белгород,0,[],[],0,[],[],0,[],[],20000.0,150000.0,RUR,True
23840,38462875,"[{'name': 'Java'}, {'name': 'JavaScript'}, {'name': 'Git'}, {'name': 'Web'}]",Программист PHP,False,3,"[1221, 1270, 182]","['Программирование, Разработка', 'Сетевые технологии', 'Инженер']",[1],"['Информационные технологии, интернет, телеком']",between1And3,От 1 года до 3 лет,fullDay,Полный день,full,Полная занятость,26,Воронеж,0,[],[],0,[],[],0,[],[],95000.0,,RUR,False
12868,39829448,[],Монтажник,True,3,"[25386, 29581, 1295]","['Инсталляция и настройка оборудования', 'Монтажник', 'Телекоммуникации']","[25, 29, 1]","['Рабочий персонал', 'Инсталляция и сервис', 'Информационные технологии, интернет, телеком']",noExperience,Нет опыта,fullDay,Полный день,full,Полная занятость,102,Хабаровск,0,[],[],0,[],[],0,[],[],50000.0,,RUR,True
19357,39714777,"[{'name': 'Активные продажи'}, {'name': 'Ведение переговоров'}, {'name': 'Проведение презентаций'}, {'name': 'Навыки продаж'}, {'name': 'Работа с дебиторской задолженностью'}]",Менеджер по продажам (телесейлз),True,4,"[1203, 1225, 1295, 189]","['Передача данных и доступ в интернет', 'Продажи', 'Телекоммуникации', 'Интернет']",[1],"['Информационные технологии, интернет, телеком']",noExperience,Нет опыта,shift,Сменный график,full,Полная занятость,2090,Королев,0,[],[],0,[],[],0,[],[],30000.0,,RUR,False
5057,37102095,[],Web-мастер.,False,4,"[1221, 182, 19, 110]","['Программирование, Разработка', 'Инженер', 'Web инженер', 'Web мастер']",[1],"['Информационные технологии, интернет, телеком']",noExperience,Нет опыта,fullDay,Полный день,full,Полная занятость,26,Воронеж,0,[],[],0,[],[],0,[],[],30000.0,150000.0,RUR,False
33393,39437276,[],Менеджер по продажам и работе с клиентами/Клиент-менеджер,False,1,[1225],['Продажи'],[1],"['Информационные технологии, интернет, телеком']",noExperience,Нет опыта,fullDay,Полный день,full,Полная занятость,58,Липецк,0,[],[],0,[],[],0,[],[],20000.0,50000.0,RUR,True
28804,38481315,"[{'name': 'MySQL'}, {'name': 'Linux'}, {'name': 'docker'}]",Системный администратор Linux (SRE),False,1,[1273],['Системный администратор'],[1],"['Информационные технологии, интернет, телеком']",between3And6,От 3 до 6 лет,remote,Удаленная работа,full,Полная занятость,1,Москва,0,[],[],0,[],[],0,[],[],180000.0,,RUR,False
20501,39027051,"[{'name': 'Обучение и развитие'}, {'name': 'MS Access'}, {'name': 'Грамотная речь'}, {'name': 'Грамотность'}, {'name': 'Охрана труда и техника безопасности'}]",Методист по разработке учебных курсов,False,6,"[1221, 1420, 125, 1137, 14178, 14217]","['Программирование, Разработка', 'Администратор баз данных', 'Аналитик', 'Маркетинг', 'Начальный уровень, Мало опыта', 'Преподавание']","[1, 14]","['Наука, образование', 'Информационные технологии, интернет, телеком']",noExperience,Нет опыта,fullDay,Полный день,full,Полная занятость,102,Хабаровск,0,[],[],0,[],[],0,[],[],30000.0,,RUR,False
25774,39028774,"[{'name': 'Windows 7'}, {'name': 'Администрирование'}, {'name': 'MS Office'}, {'name': 'оформление документации'}]",Системный администратор,False,3,"[1221, 1273, 182]","['Программирование, Разработка', 'Системный администратор', 'Инженер']",[1],"['Информационные технологии, интернет, телеком']",between1And3,От 1 года до 3 лет,fullDay,Полный день,full,Полная занятость,1,Москва,0,[],[],0,[],[],0,[],[],45000.0,,RUR,True
8144,38076015,"[{'name': '1С: Управление персоналом'}, {'name': 'Планирование карьеры'}, {'name': 'Автоматизированное рабочее место (АРМ)'}, {'name': 'MS Dos'}]",Наладчик станков с ЧПУ,False,4,"[18142, 182, 29162, 29553]","['Машиностроение', 'Инженер', 'Наладчик', 'Оператор станков']","[1, 18, 29]","['Производство, сельское хозяйство', 'Рабочий персонал', 'Информационные технологии, интернет, телеком']",between1And3,От 1 года до 3 лет,flexible,Гибкий график,full,Полная занятость,1724,Ковров,0,[],[],0,[],[],0,[],[],80000.0,,RUR,True
11188,38637485,"[{'name': 'Ведение переговоров'}, {'name': 'Прямые продажи'}, {'name': 'Активные продажи'}, {'name': 'Планирование'}]",Менеджер по продажам,False,5,"[7222, 1225, 13227, 15389, 17538]","['Продажа', 'Продажи', 'Продажи', 'Продажи', 'Продажи по телефону, Телемаркетинг']","[1, 7, 13, 15, 17]","['Автомобильный бизнес', 'Медицина, фармацевтика', 'Информационные технологии, интернет, телеком', 'Начало карьеры, студенты', 'Продажи']",noExperience,Нет опыта,fullDay,Полный день,full,Полная занятость,1,Москва,0,[],[],0,[],[],0,[],[],100000.0,400000.0,RUR,False
7358,37991522,"[{'name': 'Холодные продажи'}, {'name': 'CRM'}, {'name': 'Обучение персонала'}, {'name': 'Активные продажи'}, {'name': 'Обучение и развитие'}]",Менеджер по продажам,False,5,"[17112, 17196, 17149, 17538, 1225]","['Компьютерные программы', 'Оптовая торговля', 'Менеджер по работе с клиентами', 'Продажи по телефону, Телемаркетинг', 'Продажи']","[17, 1]","['Продажи', 'Информационные технологии, интернет, телеком']",between1And3,От 1 года до 3 лет,fullDay,Полный день,full,Полная занятость,4,Новосибирск,0,[],[],0,[],[],0,[],[],30000.0,35000.0,RUR,False
22821,39060718,"[{'name': 'MS SQL Server'}, {'name': 'SVN'}, {'name': 'XML'}, {'name': 'Git'}, {'name': 'SQL'}]",Разработчик MS SQL,False,1,[13],"['CTO, CIO, Директор по IT']",[1],"['Информационные технологии, интернет, телеком']",between1And3,От 1 года до 3 лет,fullDay,Полный день,full,Полная занятость,2039,Люберцы,0,[],[],0,[],[],0,[],[],120000.0,,RUR,True
20932,38148128,[],"Senior Java Developer (Remote Servers, GoLand)",False,1,[1221],"['Программирование, Разработка']",[1],"['Информационные технологии, интернет, телеком']",between3And6,От 3 до 6 лет,flexible,Гибкий график,full,Полная занятость,1,Москва,0,[],[],0,[],[],0,[],[],250000.0,,RUR,False
13707,38045778,"[{'name': 'Adobe After Effect'}, {'name': 'Анимация'}, {'name': 'Cinema 4D'}, {'name': 'Электронная почта'}, {'name': '3ds Max'}, {'name': '3D generalist моделирование, визуализация, анимация'}]","3D художник (анимация, графика)/Моушен- дизайнер",False,6,"[1475, 1221, 1327, 1744, 1162, 11240]","['Игровое ПО', 'Программирование, Разработка', 'Управление проектами', 'Другое', 'Дизайн, графика, живопись', 'Другое']","[1, 11]","['Искусство, развлечения, масс-медиа', 'Информационные технологии, интернет, телеком']",moreThan6,Более 6 лет,fullDay,Полный день,full,Полная занятость,47,Кемерово,0,[],[],0,[],[],0,[],[],180000.0,200000.0,RUR,False
21111,39682084,"[{'name': 'СИ'}, {'name': 'IAR'}]",Программист микроконтроллеров(разработчик),True,3,"[1221, 182, 18245]","['Программирование, Разработка', 'Инженер', 'Радиоэлектронная промышленность']","[1, 18]","['Производство, сельское хозяйство', 'Информационные технологии, интернет, телеком']",between1And3,От 1 года до 3 лет,fullDay,Полный день,project,Проектная работа,90,Томск,0,[],[],0,[],[],0,[],[],50000.0,,RUR,True
12410,38725374,[],Менеджер по корпоративным продажам,False,6,"[17301, 17333, 17111, 17112, 17242, 1225]","['Товары для бизнеса', 'Услуги для бизнеса', 'Компьютерная техника', 'Компьютерные программы', 'Прямые продажи', 'Продажи']","[17, 1]","['Продажи', 'Информационные технологии, интернет, телеком']",noExperience,Нет опыта,fullDay,Полный день,full,Полная занятость,1454,Новороссийск,0,[],[],0,[],[],0,[],[],,100000.0,RUR,True
10206,38823396,"[{'name': 'Python'}, {'name': 'PostgreSQL'}, {'name': 'SQL'}]",Senior Python Developer,False,2,"[1221, 19]","['Программирование, Разработка', 'Web инженер']",[1],"['Информационные технологии, интернет, телеком']",between1And3,От 1 года до 3 лет,fullDay,Полный день,full,Полная занятость,1,Москва,0,[],[],0,[],[],0,[],[],230000.0,,RUR,False
7833,39459828,"[{'name': 'Холодные продажи'}, {'name': 'работа с VIP клиентами'}, {'name': 'Телефонные переговоры'}, {'name': 'Грамотная речь'}, {'name': 'Обучение и развитие'}]",Оператор call-центра,False,5,"[1172, 1225, 1295, 4278, 17538]","['Начальный уровень, Мало опыта', 'Продажи', 'Телекоммуникации', 'Сотрудник call-центра', 'Продажи по телефону, Телемаркетинг']","[1, 4, 17]","['Продажи', 'Административный персонал', 'Информационные технологии, интернет, телеком']",noExperience,Нет опыта,remote,Удаленная работа,part,Частичная занятость,1909,Мичуринск,0,[],[],1,['from_four_to_six_hours_in_a_day'],['Можно работать сменами по\xa04–6 часов в\xa0день'],1,['start_after_sixteen'],['Можно начинать работать после 16:00'],15000.0,50000.0,RUR,True
33085,38832352,"[{'name': 'JavaScript'}, {'name': 'React'}, {'name': 'MySQL'}, {'name': 'HTML5'}, {'name': 'CSS'}, {'name': 'Vue.js'}, {'name': 'code review'}]",Middle Front-end разработчик,False,1,[1221],"['Программирование, Разработка']",[1],"['Информационные технологии, интернет, телеком']",between1And3,От 1 года до 3 лет,flexible,Гибкий график,full,Полная занятость,4,Новосибирск,0,[],[],0,[],[],0,[],[],70000.0,120000.0,RUR,False
27534,38066349,[],Менеджер по продажам B2B,False,2,"[1225, 4278]","['Продажи', 'Сотрудник call-центра']","[1, 4]","['Административный персонал', 'Информационные технологии, интернет, телеком']",between1And3,От 1 года до 3 лет,remote,Удаленная работа,part,Частичная занятость,1459,Тихорецк,0,[],[],0,[],[],0,[],[],20000.0,,RUR,True
662,38780631,[],Начинающий специалист,False,6,"[17269, 17256, 17242, 17358, 1225, 1295]","['Телекоммуникации, Сетевые решения', 'Розничная торговля', 'Прямые продажи', 'Электроника, фото, видео', 'Продажи', 'Телекоммуникации']","[17, 1]","['Продажи', 'Информационные технологии, интернет, телеком']",noExperience,Нет опыта,fullDay,Полный день,full,Полная занятость,1375,Нижневартовск,0,[],[],0,[],[],0,[],[],35000.0,50000.0,RUR,True
25817,39591284,[],Разработчик Битрикс,False,6,"[1221, 1211, 1327, 1536, 19, 125]","['Программирование, Разработка', 'Поддержка, Helpdesk', 'Управление проектами', 'CRM системы', 'Web инженер', 'Аналитик']",[1],"['Информационные технологии, интернет, телеком']",between1And3,От 1 года до 3 лет,fullDay,Полный день,full,Полная занятость,2074,Солнечногорск,0,[],[],0,[],[],0,[],[],120000.0,,RUR,False
14376,39804500,[],"Senior NodeJS разработчик (React, Vue), Москва",False,1,[1221],"['Программирование, Разработка']",[1],"['Информационные технологии, интернет, телеком']",moreThan6,Более 6 лет,fullDay,Полный день,full,Полная занятость,3,Екатеринбург,0,[],[],0,[],[],0,[],[],,300000.0,RUR,True
30172,39503554,[{'name': 'Знание устройства автомобиля'}],Слесарь-электрик по ремонту электрооборудования автомобилей,False,3,"[1274, 29515, 7503]","['Системы автоматизированного проектирования', 'Электрик', 'Автослесарь']","[1, 29, 7]","['Рабочий персонал', 'Автомобильный бизнес', 'Информационные технологии, интернет, телеком']",between3And6,От 3 до 6 лет,flyInFlyOut,Вахтовый метод,full,Полная занятость,11,Барнаул,0,[],[],0,[],[],0,[],[],90000.0,,RUR,False
2161,34131380,[],Специалист по продажам,False,6,"[5177, 1225, 189, 12180, 3294, 17538]","['Начальный уровень, Мало опыта', 'Продажи', 'Интернет', 'Начальный уровень, Мало опыта', 'Телевизионная реклама', 'Продажи по телефону, Телемаркетинг']","[1, 3, 5, 12, 17]","['Банки, инвестиции, лизинг', 'Информационные технологии, интернет, телеком', 'Консультирование', 'Маркетинг, реклама, PR', 'Продажи']",noExperience,Нет опыта,shift,Сменный график,full,Полная занятость,71,Пенза,0,[],[],0,[],[],0,[],[],35000.0,,RUR,True
7680,39913826,"[{'name': 'JavaScript'}, {'name': 'Python'}, {'name': 'PHP'}, {'name': 'Git'}, {'name': 'SQL'}, {'name': 'NoSQL'}]",Full-stack разработчик,False,1,[1221],"['Программирование, Разработка']",[1],"['Информационные технологии, интернет, телеком']",between3And6,От 3 до 6 лет,remote,Удаленная работа,full,Полная занятость,2,Санкт-Петербург,0,[],[],0,[],[],0,[],[],120000.0,200000.0,RUR,False
22398,39658212,"[{'name': 'Сборка ПК'}, {'name': 'Техническое обслуживание'}, {'name': 'Ремонт ПК'}, {'name': 'Диагностика'}, {'name': 'Схемотехника электронного оборудования'}, {'name': 'Настройка ПО'}]","Мастер по ремонту ноутбуков, ПК, планшеты",False,6,"[1221, 1110, 1273, 182, 1211, 19]","['Программирование, Разработка', 'Компьютерная безопасность', 'Системный администратор', 'Инженер', 'Поддержка, Helpdesk', 'Web инженер']",[1],"['Информационные технологии, интернет, телеком']",between1And3,От 1 года до 3 лет,fullDay,Полный день,full,Полная занятость,1,Москва,0,[],[],0,[],[],0,[],[],50000.0,70000.0,RUR,False
17309,39333111,"[{'name': 'Настройка ПК'}, {'name': 'Adobe Reader'}, {'name': 'Turbo Pascal'}, {'name': 'MS Dos'}]",Инженер по обслуживанию станции кабельного телевидения,False,1,[1295],['Телекоммуникации'],[1],"['Информационные технологии, интернет, телеком']",between1And3,От 1 года до 3 лет,fullDay,Полный день,full,Полная занятость,2,Санкт-Петербург,0,[],[],0,[],[],0,[],[],80000.0,,RUR,True
30386,38986894,"[{'name': 'SEO'}, {'name': 'HTML'}, {'name': 'Поисковая оптимизация сайтов'}, {'name': 'Английский язык'}, {'name': 'MS Excel'}]",SEO-специалист (стажер),False,6,"[3171, 15140, 1593, 1400, 1116, 1137]","['Начальный уровень, Мало опыта', 'Маркетинг, Реклама, PR', 'Информационные технологии, Интернет, Мультимедиа', 'Оптимизация сайта (SEO)', 'Контент', 'Маркетинг']","[1, 3, 15]","['Маркетинг, реклама, PR', 'Информационные технологии, интернет, телеком', 'Начало карьеры, студенты']",noExperience,Нет опыта,flexible,Гибкий график,probation,Стажировка,107,Чебоксары,0,[],[],0,[],[],0,[],[],,25000.0,RUR,True
27893,39551174,[],Специалист службы поддержки пользователей,False,1,[1211],"['Поддержка, Helpdesk']",[1],"['Информационные технологии, интернет, телеком']",noExperience,Нет опыта,remote,Удаленная работа,full,Полная занятость,1,Москва,0,[],[],0,[],[],0,[],[],,29000.0,RUR,True
24785,38620364,"[{'name': 'SQL'}, {'name': 'MS SQL'}, {'name': 'Работа с базами данных'}]",Специалист со знанимем SQL,False,6,"[1221, 1113, 1211, 1420, 1296, 125]","['Программирование, Разработка', 'Консалтинг, Аутсорсинг', 'Поддержка, Helpdesk', 'Администратор баз данных', 'Технический писатель', 'Аналитик']",[1],"['Информационные технологии, интернет, телеком']",noExperience,Нет опыта,fullDay,Полный день,full,Полная занятость,49,Киров (Кировская область),0,[],[],0,[],[],0,[],[],,28000.0,RUR,False
26515,39577066,"[{'name': 'Linux'}, {'name': 'kubernetes'}, {'name': 'PostgreSQL'}, {'name': 'DevOps'}, {'name': 'Docker'}]",DevOps Engineer,False,5,"[1221, 1270, 1273, 182, 13]","['Программирование, Разработка', 'Сетевые технологии', 'Системный администратор', 'Инженер', 'CTO, CIO, Директор по IT']",[1],"['Информационные технологии, интернет, телеком']",noExperience,Нет опыта,remote,Удаленная работа,full,Полная занятость,88,Казань,0,[],[],0,[],[],0,[],[],120000.0,200000.0,RUR,False
14958,39300967,"[{'name': 'Android SDK'}, {'name': 'Java'}, {'name': 'Android'}, {'name': 'SQLite'}, {'name': 'Java SE'}]",Senior Android разработчик (Kotlin),False,2,"[1221, 1161]","['Программирование, Разработка', 'Мультимедиа']",[1],"['Информационные технологии, интернет, телеком']",between1And3,От 1 года до 3 лет,fullDay,Полный день,full,Полная занятость,1,Москва,0,[],[],0,[],[],0,[],[],,230000.0,RUR,True
18942,39719932,[],Инженер по информационной безопасности,False,6,"[1110, 1270, 1273, 182, 189, 8356]","['Компьютерная безопасность', 'Сетевые технологии', 'Системный администратор', 'Инженер', 'Интернет', 'Экономическая и информационная безопасность']","[8, 1]","['Безопасность', 'Информационные технологии, интернет, телеком']",noExperience,Нет опыта,fullDay,Полный день,full,Полная занятость,88,Казань,0,[],[],0,[],[],0,[],[],33000.0,33000.0,RUR,False
3436,30394463,"[{'name': 'Информационная безопасность'}, {'name': 'Информационные технологии'}, {'name': 'Администрирование серверов Windows'}, {'name': 'Active Directory'}, {'name': 'Администрирование серверов Linux'}, {'name': 'Настройка DNS'}, {'name': 'DHCP'}, {'name': 'Настройка серверов'}]",Системный инженер (направление прикладных систем),False,5,"[25381, 25386, 1270, 1273, 182]","['Сервисный инженер', 'Инсталляция и настройка оборудования', 'Сетевые технологии', 'Системный администратор', 'Инженер']","[25, 1]","['Инсталляция и сервис', 'Информационные технологии, интернет, телеком']",between3And6,От 3 до 6 лет,fullDay,Полный день,full,Полная занятость,3,Екатеринбург,0,[],[],0,[],[],0,[],[],40000.0,,RUR,False
23320,39637092,"[{'name': 'Стрессоустойчивость'}, {'name': 'Деловое общение'}, {'name': 'Грамотность'}, {'name': 'Пользователь ПК'}, {'name': 'Работа в команде'}, {'name': 'Деловая переписка'}, {'name': 'Поиск информации в интернет'}, {'name': 'Работа с большим объемом информации'}, {'name': 'Инициативность'}, {'name': 'Internet Marketing'}, {'name': 'SEO'}, {'name': 'SMM'}, {'name': 'Маркетинговый анализ'}, {'name': 'Веб-аналитика'}, {'name': 'Интернет маркетинг'}, {'name': 'Организаторские навыки'}, {'name': 'Интернет-реклама'}, {'name': 'Системное мышление'}, {'name': 'Планирование маркетинговых кампаний'}, {'name': 'Яндекс.Метрика'}, {'name': 'Яндекс.Директ'}, {'name': 'Google Analytics'}, {'name': 'Контекстная реклама'}, {'name': 'Ориентация на результат'}]",Руководитель отдела маркетинга и PR,False,6,"[3318, 398, 3230, 38, 390, 1137]","['Управление маркетингом', 'Исследования рынка', 'Продвижение, Специальные мероприятия', 'PR, Маркетинговые коммуникации', 'Интернет-маркетинг', 'Маркетинг']","[1, 3]","['Маркетинг, реклама, PR', 'Информационные технологии, интернет, телеком']",between3And6,От 3 до 6 лет,fullDay,Полный день,full,Полная занятость,77,Рязань,0,[],[],0,[],[],0,[],[],70000.0,100000.0,RUR,False
15244,39407346,"[{'name': 'Hibernate ORM'}, {'name': 'Spring Framework'}, {'name': 'Apache Maven'}, {'name': 'Java'}, {'name': 'PostgreSQL'}]",Middle Java Developer,False,1,[1221],"['Программирование, Разработка']",[1],"['Информационные технологии, интернет, телеком']",between3And6,От 3 до 6 лет,remote,Удаленная работа,full,Полная занятость,73,Петрозаводск,0,[],[],0,[],[],0,[],[],150000.0,,RUR,False
19934,39489093,"[{'name': 'Навыки продаж'}, {'name': 'Прямые продажи'}, {'name': 'Развитие продаж'}, {'name': 'теплые продажи'}, {'name': 'работа с действующей базой'}, {'name': 'Пользователь ПК'}, {'name': 'Работа с людьми'}, {'name': 'Умение работать в коллективе'}, {'name': 'Телефонные переговоры'}, {'name': 'Телемаркетинг'}, {'name': 'Управление отношениями с клиентами'}, {'name': 'Ориентация на клиента'}, {'name': 'телефонные продажи'}]",Специалист отдела телемаркетинга и продаж,True,6,"[1172, 1225, 1295, 17269, 17538, 15389]","['Начальный уровень, Мало опыта', 'Продажи', 'Телекоммуникации', 'Телекоммуникации, Сетевые решения', 'Продажи по телефону, Телемаркетинг', 'Продажи']","[1, 17, 15]","['Начало карьеры, студенты', 'Продажи', 'Информационные технологии, интернет, телеком']",noExperience,Нет опыта,fullDay,Полный день,part,Частичная занятость,2,Санкт-Петербург,1,['only_saturday_and_sunday'],['Работа только по\xa0сб\xa0и\xa0вс'],1,['from_four_to_six_hours_in_a_day'],['Можно работать сменами по\xa04–6 часов в\xa0день'],1,['start_after_sixteen'],['Можно начинать работать после 16:00'],35000.0,,RUR,False
6276,39941348,[],Монтажник связи/Разнорабочий/Слаботочники/СКС,True,3,"[1172, 1295, 20287]","['Начальный уровень, Мало опыта', 'Телекоммуникации', 'Строительство']","[1, 20]","['Строительство, недвижимость', 'Информационные технологии, интернет, телеком']",noExperience,Нет опыта,fullDay,Полный день,full,Полная занятость,237,Сочи,0,[],[],0,[],[],0,[],[],30000.0,40000.0,RUR,False
21294,39083538,[{'name': 'JavaScript'}],Инженер по автоматизации тестирования ПО,False,2,"[182, 1117]","['Инженер', 'Тестирование']",[1],"['Информационные технологии, интернет, телеком']",between1And3,От 1 года до 3 лет,fullDay,Полный день,full,Полная занятость,1,Москва,0,[],[],0,[],[],0,[],[],90000.0,,RUR,False
6634,37370876,"[{'name': 'Коммуникабельность'}, {'name': 'активность'}, {'name': 'приятная речь'}, {'name': 'Клиентоориентированность'}, {'name': 'Ведение переговоров'}, {'name': 'Активные продажи'}, {'name': 'Сопровождение клиентов'}, {'name': 'Работа в команде'}, {'name': 'Грамотная речь'}, {'name': 'Пользователь ПК'}, {'name': 'Телефонные переговоры'}]",Менеджер интернет-магазина,False,6,"[17302, 17231, 17538, 1225, 1359, 125]","['FMCG, Товары народного потребления', 'Продукты питания', 'Продажи по телефону, Телемаркетинг', 'Продажи', 'Электронная коммерция', 'Internet, E-Commerce']","[17, 12, 1]","['Консультирование', 'Продажи', 'Информационные технологии, интернет, телеком']",between1And3,От 1 года до 3 лет,fullDay,Полный день,full,Полная занятость,104,Челябинск,0,[],[],0,[],[],0,[],[],30000.0,,RUR,True
23917,38218822,[],Специалист технической поддержки Help Desk,True,6,"[1172, 1273, 182, 1211, 1744, 4278]","['Начальный уровень, Мало опыта', 'Системный администратор', 'Инженер', 'Поддержка, Helpdesk', 'Другое', 'Сотрудник call-центра']","[1, 4]","['Административный персонал', 'Информационные технологии, интернет, телеком']",noExperience,Нет опыта,fullDay,Полный день,full,Полная занятость,26,Воронеж,0,[],[],0,[],[],0,[],[],24000.0,28000.0,RUR,False
32275,39459789,"[{'name': 'Холодные продажи'}, {'name': 'работа с VIP клиентами'}, {'name': 'Телефонные переговоры'}, {'name': 'Грамотная речь'}, {'name': 'Обучение и развитие'}]",Оператор call-центра,False,5,"[1172, 1225, 1295, 4278, 17538]","['Начальный уровень, Мало опыта', 'Продажи', 'Телекоммуникации', 'Сотрудник call-центра', 'Продажи по телефону, Телемаркетинг']","[1, 4, 17]","['Продажи', 'Административный персонал', 'Информационные технологии, интернет, телеком']",noExperience,Нет опыта,remote,Удаленная работа,part,Частичная занятость,1919,Донской,0,[],[],1,['from_four_to_six_hours_in_a_day'],['Можно работать сменами по\xa04–6 часов в\xa0день'],1,['start_after_sixteen'],['Можно начинать работать после 16:00'],15000.0,50000.0,RUR,True
17148,38830928,"[{'name': 'Холодные звонки'}, {'name': 'B2B Продажи'}, {'name': 'Поиск и привлечение клиентов'}]",Менеджер по продажам услуг (г. Набережные Челны),False,5,"[1593, 15389, 17333, 1225, 1295]","['Информационные технологии, Интернет, Мультимедиа', 'Продажи', 'Услуги для бизнеса', 'Продажи', 'Телекоммуникации']","[17, 1, 15]","['Информационные технологии, интернет, телеком', 'Продажи', 'Начало карьеры, студенты']",noExperience,Нет опыта,fullDay,Полный день,full,Полная занятость,1641,Набережные Челны,0,[],[],0,[],[],0,[],[],30000.0,,RUR,False
9588,39878332,"[{'name': 'PHP7'}, {'name': 'Yii2'}, {'name': 'ООП'}, {'name': 'MVC'}, {'name': 'MySQL'}, {'name': 'MongoDB'}, {'name': 'Elasticsarch'}, {'name': 'Git'}, {'name': 'Node.js'}]",Back-end PHP разработчик (middle),False,5,"[1221, 1359, 19, 189, 1474]","['Программирование, Разработка', 'Электронная коммерция', 'Web инженер', 'Интернет', 'Стартапы']",[1],"['Информационные технологии, интернет, телеком']",between3And6,От 3 до 6 лет,remote,Удаленная работа,full,Полная занятость,1,Москва,0,[],[],0,[],[],0,[],[],,160000.0,RUR,False
15828,39771090,"[{'name': 'Интернет-реклама'}, {'name': 'Реклама'}, {'name': 'Планирование рекламных кампаний'}, {'name': 'Интернет маркетинг'}, {'name': 'B2B маркетинг'}, {'name': 'Internet Marketing'}]",Интернет-маркетолог,False,5,"[3318, 38, 390, 1400, 1137]","['Управление маркетингом', 'PR, Маркетинговые коммуникации', 'Интернет-маркетинг', 'Оптимизация сайта (SEO)', 'Маркетинг']","[1, 3]","['Маркетинг, реклама, PR', 'Информационные технологии, интернет, телеком']",between3And6,От 3 до 6 лет,remote,Удаленная работа,full,Полная занятость,35,Иркутск,0,[],[],0,[],[],0,[],[],70000.0,,RUR,False
18683,38488071,"[{'name': 'CSS3'}, {'name': 'jQuery'}, {'name': 'JavaScript'}, {'name': 'Sass'}, {'name': 'HTML5'}]",Middle 1С-Битрикс разработчик (front+интеграция+back),False,5,"[1221, 1400, 1536, 19, 110]","['Программирование, Разработка', 'Оптимизация сайта (SEO)', 'CRM системы', 'Web инженер', 'Web мастер']",[1],"['Информационные технологии, интернет, телеком']",between3And6,От 3 до 6 лет,fullDay,Полный день,full,Полная занятость,1,Москва,0,[],[],0,[],[],0,[],[],120000.0,150000.0,RUR,False
10887,38289257,"[{'name': 'Системы видеонаблюдения'}, {'name': 'Договорная работа'}, {'name': 'Работа с поставщиками'}, {'name': 'Монтаж инженерных систем'}, {'name': '1С: Документооборот'}]",Менеджер по системам видеонаблюдения и СКУД,False,6,"[1203, 1270, 1295, 8461, 26414, 17358]","['Передача данных и доступ в интернет', 'Сетевые технологии', 'Телекоммуникации', 'Системы видеонаблюдения', 'Электроника, фото, видео', 'Электроника, фото, видео']","[8, 1, 26, 17]","['Безопасность', 'Продажи', 'Закупки', 'Информационные технологии, интернет, телеком']",between1And3,От 1 года до 3 лет,fullDay,Полный день,full,Полная занятость,11,Барнаул,0,[],[],0,[],[],0,[],[],33000.0,43000.0,RUR,False
14375,39804499,[],"Senior NodeJS разработчик (React, Vue), Москва",False,1,[1221],"['Программирование, Разработка']",[1],"['Информационные технологии, интернет, телеком']",moreThan6,Более 6 лет,fullDay,Полный день,full,Полная занятость,4,Новосибирск,0,[],[],0,[],[],0,[],[],,300000.0,RUR,True
33244,39439934,[],Инженер по информационным технологиям / системный администратор ОИТ,False,2,"[1273, 182]","['Системный администратор', 'Инженер']",[1],"['Информационные технологии, интернет, телеком']",between1And3,От 1 года до 3 лет,shift,Сменный график,full,Полная занятость,1444,Геленджик,0,[],[],0,[],[],0,[],[],25000.0,,RUR,True
13283,39826236,"[{'name': 'Контекстная реклама'}, {'name': 'Яндекс.Директ'}, {'name': 'Интернет-реклама'}, {'name': 'Google AdWords'}, {'name': 'Internet Marketing'}, {'name': 'Интернет маркетинг'}, {'name': 'Грамотная речь'}]",Интернет-маркетолог,False,1,[1137],['Маркетинг'],[1],"['Информационные технологии, интернет, телеком']",between1And3,От 1 года до 3 лет,fullDay,Полный день,full,Полная занятость,23,Владимир,0,[],[],0,[],[],0,[],[],30000.0,45000.0,RUR,False
28830,39317080,"[{'name': '1С программирование'}, {'name': 'Сопровождение клиентов'}, {'name': '1С: Предприятие 8'}, {'name': 'CSS'}, {'name': 'HTML'}]",Программист 1С,False,2,"[1221, 182]","['Программирование, Разработка', 'Инженер']",[1],"['Информационные технологии, интернет, телеком']",between1And3,От 1 года до 3 лет,fullDay,Полный день,full,Полная занятость,3,Екатеринбург,0,[],[],0,[],[],0,[],[],,35000.0,RUR,False
17140,37993271,"[{'name': 'Git'}, {'name': 'Linux'}, {'name': 'ООП'}, {'name': 'MS Office'}, {'name': 'Пользователь ПК'}, {'name': 'PHP'}]",Middle PHP разработчик,False,1,[1221],"['Программирование, Разработка']",[1],"['Информационные технологии, интернет, телеком']",between1And3,От 1 года до 3 лет,fullDay,Полный день,full,Полная занятость,4,Новосибирск,0,[],[],0,[],[],0,[],[],70000.0,,RUR,False
26918,38700475,"[{'name': '1С программирование'}, {'name': '1С: Предприятие 8'}, {'name': 'Системное мышление'}, {'name': 'ERP-системы на базе 1С'}, {'name': 'Бухгалтерская отчетность'}, {'name': 'Консультирование клиентов по телефону'}, {'name': '1С: Комплексная автоматизация'}, {'name': 'Разработка технических заданий'}, {'name': 'Разработка инструкций'}]",Консультант по внедрению 1С,False,6,"[1292, 1272, 1113, 150, 182, 1536]","['Информационные технологии', 'Системная интеграция', 'Консалтинг, Аутсорсинг', 'Системы управления предприятием (ERP)', 'Инженер', 'CRM системы']","[1, 12]","['Консультирование', 'Информационные технологии, интернет, телеком']",between3And6,От 3 до 6 лет,flexible,Гибкий график,full,Полная занятость,2,Санкт-Петербург,0,[],[],0,[],[],0,[],[],90000.0,,RUR,False
24310,38192068,"[{'name': 'BPMN'}, {'name': 'Java'}, {'name': 'PostgreSQL'}, {'name': 'AngularJS'}, {'name': 'Linux'}, {'name': 'Spring Framework'}]",Java-разработчик Middle/Senior (Красноярск),False,3,"[1395, 1221, 182]","['Банковское ПО', 'Программирование, Разработка', 'Инженер']",[1],"['Информационные технологии, интернет, телеком']",between1And3,От 1 года до 3 лет,fullDay,Полный день,full,Полная занятость,1240,Новокузнецк,0,[],[],0,[],[],0,[],[],80000.0,150000.0,RUR,False
12389,36679900,"[{'name': 'PostgreSQL'}, {'name': 'Redis'}, {'name': 'Golang'}, {'name': 'RabbitMQ'}, {'name': 'ElasticSearch'}, {'name': 'Cassandra'}, {'name': 'ClickHouse'}, {'name': 'SQL'}]",Go-разработчик (Middle),False,1,[1221],"['Программирование, Разработка']",[1],"['Информационные технологии, интернет, телеком']",between1And3,От 1 года до 3 лет,fullDay,Полный день,full,Полная занятость,2,Санкт-Петербург,0,[],[],0,[],[],0,[],[],135000.0,225000.0,RUR,True
1502,37886030,[],Менеджер по продажам IT проектов,False,1,[1225],['Продажи'],[1],"['Информационные технологии, интернет, телеком']",noExperience,Нет опыта,fullDay,Полный день,full,Полная занятость,1,Москва,0,[],[],0,[],[],0,[],[],60000.0,150000.0,RUR,False
10616,39171586,"[{'name': '1С программирование'}, {'name': '1С: Управление Торговлей'}, {'name': '1С: Торговля'}, {'name': '1С: Бухгалтерия'}, {'name': '1С: Зарплата и управление персоналом'}, {'name': 'Терминалы Сбора Данных'}, {'name': '1C: Зарплата и кадры'}, {'name': 'Базы данных'}]",Программист 1C,False,5,"[1221, 1272, 150, 182, 1536]","['Программирование, Разработка', 'Системная интеграция', 'Системы управления предприятием (ERP)', 'Инженер', 'CRM системы']",[1],"['Информационные технологии, интернет, телеком']",between3And6,От 3 до 6 лет,fullDay,Полный день,full,Полная занятость,1,Москва,0,[],[],0,[],[],0,[],[],120000.0,,RUR,False
27447,39556858,"[{'name': 'Pascal'}, {'name': 'Turbo Pascal'}, {'name': 'MS Dos'}, {'name': 'Инженерные системы'}, {'name': 'АСУ'}, {'name': 'АСУ ТП'}, {'name': 'программирование контроллеров'}, {'name': 'Техническая поддержка'}, {'name': 'Управление проектами'}, {'name': 'Ведение переговоров'}, {'name': 'Пользователь ПК'}, {'name': 'Телефонные переговоры'}, {'name': 'Деловое общение'}, {'name': 'Аналитическое мышление'}, {'name': 'пуко-наладочные работы'}, {'name': 'Проведение ремонтов'}, {'name': 'Умение читать электрические схемы'}, {'name': 'Монтаж инженерных систем'}, {'name': 'SAP исполнитель, заказчик'}, {'name': 'Работа с частотными преобразователями'}, {'name': 'SCAD'}, {'name': 'АСУТП'}, {'name': 'ПЛК'}, {'name': 'Siemens'}, {'name': 'Овен'}, {'name': 'Schneider Electric'}]",Руководитель проектов АСУ ТП / ведущий инженер АСУТП,False,6,"[1221, 1274, 1881, 17625, 12326, 1487]","['Программирование, Разработка', 'Системы автоматизированного проектирования', 'Инженер', 'Решения по автоматизации процессов', 'Управление проектами', 'Инженерные науки']","[1, 12, 14, 17, 18]","['Информационные технологии, интернет, телеком', 'Наука, образование', 'Консультирование', 'Производство, сельское хозяйство', 'Продажи']",between3And6,От 3 до 6 лет,fullDay,Полный день,full,Полная занятость,107,Чебоксары,0,[],[],0,[],[],0,[],[],70000.0,,RUR,False
2630,39577711,"[{'name': 'Руководство коллективом'}, {'name': 'работа с физическими лицами'}, {'name': 'Многозадачность'}, {'name': 'Пользователь ПК'}, {'name': 'Управление персоналом'}, {'name': 'Работа с большим объемом информации'}]",Руководитель отдела технической поддержки,False,6,"[1292, 1172, 182, 1211, 189, 6319]","['Информационные технологии', 'Начальный уровень, Мало опыта', 'Инженер', 'Поддержка, Helpdesk', 'Интернет', 'Управление персоналом']","[1, 12, 6]","['Управление персоналом, тренинги', 'Консультирование', 'Информационные технологии, интернет, телеком']",between3And6,От 3 до 6 лет,fullDay,Полный день,full,Полная занятость,99,Уфа,0,[],[],0,[],[],0,[],[],100000.0,,RUR,False
25778,39058888,[],Системный администратор,False,3,"[1270, 1273, 189]","['Сетевые технологии', 'Системный администратор', 'Интернет']",[1],"['Информационные технологии, интернет, телеком']",between1And3,От 1 года до 3 лет,fullDay,Полный день,full,Полная занятость,24,Волгоград,0,[],[],0,[],[],0,[],[],30000.0,30000.0,RUR,False
25836,37748936,[],Старший программист 1С,False,6,"[1221, 1272, 150, 182, 1327, 1536]","['Программирование, Разработка', 'Системная интеграция', 'Системы управления предприятием (ERP)', 'Инженер', 'Управление проектами', 'CRM системы']",[1],"['Информационные технологии, интернет, телеком']",between3And6,От 3 до 6 лет,fullDay,Полный день,full,Полная занятость,112,Ярославль,0,[],[],0,[],[],0,[],[],75000.0,,RUR,True
4270,39467984,"[{'name': 'Телефонные переговоры'}, {'name': 'Пользователь ПК'}]",Менеджер по продажам,False,5,"[1172, 1246, 1232, 17333, 17112]","['Начальный уровень, Мало опыта', 'Развитие бизнеса', 'Продюсер', 'Услуги для бизнеса', 'Компьютерные программы']","[1, 17]","['Продажи', 'Информационные технологии, интернет, телеком']",noExperience,Нет опыта,fullDay,Полный день,full,Полная занятость,41,Калининград,0,[],[],0,[],[],0,[],[],35000.0,,RUR,True
3394,37846717,"[{'name': 'Java'}, {'name': 'Objective-C'}, {'name': 'Android'}, {'name': 'SQLite'}, {'name': 'Java SE'}]","Разработчик мобильных приложений (Android, IOS)",False,1,[1221],"['Программирование, Разработка']",[1],"['Информационные технологии, интернет, телеком']",between1And3,От 1 года до 3 лет,fullDay,Полный день,full,Полная занятость,78,Самара,0,[],[],0,[],[],0,[],[],50000.0,150000.0,RUR,False
24518,37921849,"[{'name': 'MS PowerPoint'}, {'name': 'MS Outlook'}, {'name': 'MS Visio'}, {'name': 'Грамотная речь'}, {'name': 'Клиентоориентированность'}]",Специалист технической поддержки 2 линии.,False,4,"[1172, 1211, 1295, 189]","['Начальный уровень, Мало опыта', 'Поддержка, Helpdesk', 'Телекоммуникации', 'Интернет']",[1],"['Информационные технологии, интернет, телеком']",between1And3,От 1 года до 3 лет,fullDay,Полный день,full,Полная занятость,4,Новосибирск,0,[],[],0,[],[],0,[],[],30000.0,,RUR,False
2173,35403573,"[{'name': 'АСУ ТП'}, {'name': 'КИПиА'}]",Инженер-проектировщик АСУ ТП,False,5,"[1221, 150, 182, 1274, 1881]","['Программирование, Разработка', 'Системы управления предприятием (ERP)', 'Инженер', 'Системы автоматизированного проектирования', 'Инженер']","[1, 18]","['Производство, сельское хозяйство', 'Информационные технологии, интернет, телеком']",between1And3,От 1 года до 3 лет,fullDay,Полный день,full,Полная занятость,88,Казань,0,[],[],0,[],[],0,[],[],50000.0,75000.0,RUR,False
17104,39284128,"[{'name': 'Охрана объекта'}, {'name': 'Пожарная безопасность'}, {'name': 'Системы видеонаблюдения'}, {'name': 'Системы охранно-тревожной сигнализации'}, {'name': 'Технические системы и средства безопасности'}, {'name': 'Техническое обслуживание'}, {'name': 'Монтаж инженерных систем'}, {'name': 'Контроль исправности оборудования'}]",Техник по обслуживанию слаботочных систем (ОПС),False,2,"[1270, 182]","['Сетевые технологии', 'Инженер']",[1],"['Информационные технологии, интернет, телеком']",between1And3,От 1 года до 3 лет,fullDay,Полный день,full,Полная занятость,72,Пермь,0,[],[],0,[],[],0,[],[],40000.0,,RUR,False
12237,39258001,[],Коммерческий директор (продажа ПО),False,4,"[994, 9226, 1225, 1246]","['Информационные технологии, Интернет, Мультимедиа', 'Продажи', 'Продажи', 'Развитие бизнеса']","[9, 1]","['Высший менеджмент', 'Информационные технологии, интернет, телеком']",moreThan6,Более 6 лет,fullDay,Полный день,full,Полная занятость,1,Москва,0,[],[],0,[],[],0,[],[],400000.0,,RUR,True
8931,38098245,"[{'name': 'Обработка изображений'}, {'name': 'Mac Os'}, {'name': 'MS Visual Studio'}, {'name': 'Qt'}, {'name': 'C++'}, {'name': 'C#'}, {'name': 'Python'}]",Программист С++,False,2,"[1221, 1162]","['Программирование, Разработка', 'Дизайн, графика, живопись']","[1, 11]","['Искусство, развлечения, масс-медиа', 'Информационные технологии, интернет, телеком']",between1And3,От 1 года до 3 лет,fullDay,Полный день,full,Полная занятость,72,Пермь,0,[],[],0,[],[],0,[],[],40000.0,90000.0,RUR,False
5125,38841813,"[{'name': 'Atlassian Jira'}, {'name': 'UML'}, {'name': 'BPMN'}, {'name': 'Управление проектами'}, {'name': 'Бизнес-анализ'}]",Системный аналитик,False,3,"[1221, 1272, 1296]","['Программирование, Разработка', 'Системная интеграция', 'Технический писатель']",[1],"['Информационные технологии, интернет, телеком']",noExperience,Нет опыта,remote,Удаленная работа,full,Полная занятость,1,Москва,0,[],[],0,[],[],0,[],[],,120000.0,RUR,False
15644,39533693,"[{'name': 'Windows 7'}, {'name': 'Windows Xp'}, {'name': 'Windows Os'}, {'name': 'MS PowerPoint'}, {'name': 'MS Publisher'}]",Старший специалист поддержки пользователей и сопровождения платежных систем,False,3,"[1395, 1273, 1211]","['Банковское ПО', 'Системный администратор', 'Поддержка, Helpdesk']",[1],"['Информационные технологии, интернет, телеком']",between1And3,От 1 года до 3 лет,fullDay,Полный день,full,Полная занятость,1354,Давлеканово,0,[],[],0,[],[],0,[],[],,27500.0,RUR,True
7890,39460184,"[{'name': 'Холодные продажи'}, {'name': 'работа с VIP клиентами'}, {'name': 'Телефонные переговоры'}, {'name': 'Грамотная речь'}, {'name': 'Обучение и развитие'}]",Оператор call-центра,False,4,"[1172, 1225, 15389, 17538]","['Начальный уровень, Мало опыта', 'Продажи', 'Продажи', 'Продажи по телефону, Телемаркетинг']","[1, 17, 15]","['Продажи', 'Начало карьеры, студенты', 'Информационные технологии, интернет, телеком']",noExperience,Нет опыта,remote,Удаленная работа,part,Частичная занятость,1483,Буденновск,0,[],[],1,['from_four_to_six_hours_in_a_day'],['Можно работать сменами по\xa04–6 часов в\xa0день'],1,['start_after_sixteen'],['Можно начинать работать после 16:00'],15000.0,50000.0,RUR,True
24367,38543827,"[{'name': 'Пользователь ПК'}, {'name': 'Работа с базами данных'}, {'name': 'Клиентоориентированность'}, {'name': 'Работа с большим объемом информации'}, {'name': 'Электронный документооборот'}]",Сервис-координатор,False,6,"[4429, 25383, 1211, 15308, 15388, 21136]","['Делопроизводство', 'Менеджер по сервису - сетевые и телекоммуникационные технологии', 'Поддержка, Helpdesk', 'Транспорт, Логистика', 'Административный персонал', 'Логистика']","[1, 4, 15, 21, 25]","['Информационные технологии, интернет, телеком', 'Начало карьеры, студенты', 'Административный персонал', 'Транспорт, логистика', 'Инсталляция и сервис']",noExperience,Нет опыта,shift,Сменный график,full,Полная занятость,68,Омск,0,[],[],0,[],[],0,[],[],25000.0,25000.0,RUR,False
24468,39609829,"[{'name': 'Информационные технологии'}, {'name': 'Коммуникабельность'}, {'name': 'Active Directory'}, {'name': 'Техническая поддержка'}]",Специалист технической поддержки (первая линия),False,1,[1211],"['Поддержка, Helpdesk']",[1],"['Информационные технологии, интернет, телеком']",noExperience,Нет опыта,fullDay,Полный день,full,Полная занятость,3,Екатеринбург,0,[],[],0,[],[],0,[],[],35000.0,,RUR,False
15,37691975,"[{'name': 'Linux'}, {'name': 'Системный подход'}, {'name': 'Видеоконфенецсвязь'}, {'name': 'Проведение тестирований'}, {'name': 'Ведение переговоров'}, {'name': 'Программа и методика испытаний для оборудования ВКС'}, {'name': 'Техническая экспертиза'}, {'name': 'SIP'}, {'name': 'Cisco'}, {'name': 'Polycom'}]",Технический pre-sale менеджер ВКС,False,5,"[1221, 1117, 1246, 1295, 125]","['Программирование, Разработка', 'Тестирование', 'Развитие бизнеса', 'Телекоммуникации', 'Аналитик']",[1],"['Информационные технологии, интернет, телеком']",between1And3,От 1 года до 3 лет,fullDay,Полный день,full,Полная занятость,2,Санкт-Петербург,0,[],[],0,[],[],0,[],[],70000.0,100000.0,RUR,False
4258,37525942,"[{'name': '1С программирование'}, {'name': 'Agile Project Management'}, {'name': '1С: Предприятие 8'}, {'name': '1С: Управление Торговлей'}, {'name': '1С: Зарплата и управление персоналом'}, {'name': '1С: Бухгалтерия'}, {'name': '1С: Торговля'}, {'name': 'ERP-системы на базе 1С'}, {'name': '1С: Комплексная автоматизация'}, {'name': 'Обновление конфигурации 1С'}, {'name': 'Автоматизация'}, {'name': 'Постановка задач разработчикам'}, {'name': 'Базы данных'}, {'name': '1С: Производство'}, {'name': '1С: Документооборот'}, {'name': '1C: Бухгалтерия'}, {'name': 'Разработка ПО'}, {'name': 'Многозадачность'}, {'name': '1С: Управление предприятием'}, {'name': '1С: Предприятие'}, {'name': 'Точность и внимательность к деталям'}]",Программист 1C,False,6,"[1221, 1272, 1273, 150, 182, 1536]","['Программирование, Разработка', 'Системная интеграция', 'Системный администратор', 'Системы управления предприятием (ERP)', 'Инженер', 'CRM системы']",[1],"['Информационные технологии, интернет, телеком']",between3And6,От 3 до 6 лет,fullDay,Полный день,full,Полная занятость,11,Барнаул,0,[],[],0,[],[],0,[],[],,90000.0,RUR,False
27879,39550990,"[{'name': 'Активные продажи'}, {'name': 'B2C продажи'}, {'name': 'Пользователь ПК'}, {'name': 'Телефонные переговоры'}, {'name': 'Деловая переписка'}, {'name': 'Навыки продаж'}, {'name': 'Грамотная речь'}, {'name': 'B2B Продажи'}, {'name': 'Работа с кассой'}, {'name': '1С: Розница'}, {'name': 'Консультирование'}, {'name': 'Клиентоориентированность'}, {'name': 'Поиск информации в интернет'}, {'name': 'Консультирование клиентов по телефону'}, {'name': 'Работа в команде'}]",Менеджер в Интернет-магазин мотоэкипировки,False,6,"[1225, 17242, 17324, 17520, 17538, 390]","['Продажи', 'Прямые продажи', 'Управление продажами', 'Продавец в магазине', 'Продажи по телефону, Телемаркетинг', 'Интернет-маркетинг']","[1, 3, 17]","['Маркетинг, реклама, PR', 'Продажи', 'Информационные технологии, интернет, телеком']",between1And3,От 1 года до 3 лет,fullDay,Полный день,full,Полная занятость,4,Новосибирск,0,[],[],0,[],[],0,[],[],20000.0,45000.0,RUR,False
16643,36877374,[],Специалист по продажам услуг,False,5,"[1225, 1295, 12180, 15389, 17538]","['Продажи', 'Телекоммуникации', 'Начальный уровень, Мало опыта', 'Продажи', 'Продажи по телефону, Телемаркетинг']","[1, 12, 17, 15]","['Продажи', 'Консультирование', 'Начало карьеры, студенты', 'Информационные технологии, интернет, телеком']",noExperience,Нет опыта,flexible,Гибкий график,part,Частичная занятость,71,Пенза,0,[],[],0,[],[],0,[],[],26000.0,,RUR,True
33121,39441817,"[{'name': 'Windows Os'}, {'name': 'Настройка ПК'}, {'name': 'Монтаж оборудования'}, {'name': 'Настройка ПО'}, {'name': 'Техническая поддержка'}, {'name': 'Разработка инструкций'}, {'name': 'Грамотная речь'}, {'name': 'MS Office'}, {'name': 'Грамотность'}]",Специалист технической поддержки,False,2,"[1172, 1211]","['Начальный уровень, Мало опыта', 'Поддержка, Helpdesk']",[1],"['Информационные технологии, интернет, телеком']",between1And3,От 1 года до 3 лет,fullDay,Полный день,full,Полная занятость,81,Южно-Сахалинск,0,[],[],0,[],[],0,[],[],45000.0,65000.0,RUR,False
10427,39412827,"[{'name': 'С#'}, {'name': '.NET Framework'}, {'name': 'WPF'}, {'name': 'MySQL'}, {'name': 'Transact-SQL'}, {'name': 'Git'}, {'name': 'ООП'}, {'name': 'MS SQL Server'}, {'name': 'СУБД'}]",Junior developer C#,False,1,[1221],"['Программирование, Разработка']",[1],"['Информационные технологии, интернет, телеком']",between1And3,От 1 года до 3 лет,fullDay,Полный день,full,Полная занятость,53,Краснодар,0,[],[],0,[],[],0,[],[],40000.0,,RUR,False
23492,39519205,"[{'name': 'JavaScript'}, {'name': 'CSS'}, {'name': 'Linux'}, {'name': 'PHP5'}, {'name': 'Nginx'}, {'name': '1С-Битрикс'}]",Разработчик Битрикс / Веб-администратор,False,6,"[1221, 150, 182, 1536, 19, 110]","['Программирование, Разработка', 'Системы управления предприятием (ERP)', 'Инженер', 'CRM системы', 'Web инженер', 'Web мастер']",[1],"['Информационные технологии, интернет, телеком']",between1And3,От 1 года до 3 лет,fullDay,Полный день,full,Полная занятость,1,Москва,0,[],[],0,[],[],0,[],[],,140000.0,RUR,True
22849,39374357,"[{'name': 'CSS'}, {'name': 'Git'}, {'name': 'HTML'}, {'name': 'PostgreSQL'}, {'name': 'Python'}, {'name': 'PHP'}, {'name': 'Веб-программирование'}, {'name': 'odoo'}]",Python разработчик,False,4,"[1221, 182, 19, 110]","['Программирование, Разработка', 'Инженер', 'Web инженер', 'Web мастер']",[1],"['Информационные технологии, интернет, телеком']",between3And6,От 3 до 6 лет,remote,Удаленная работа,full,Полная занятость,2,Санкт-Петербург,0,[],[],0,[],[],0,[],[],100000.0,150000.0,RUR,True
23241,39416863,"[{'name': 'Kubernetes'}, {'name': 'Docker'}, {'name': 'Gitlab'}]",DevOps Инженер (Kubernetes),False,6,"[1221, 1273, 182, 1420, 19, 189]","['Программирование, Разработка', 'Системный администратор', 'Инженер', 'Администратор баз данных', 'Web инженер', 'Интернет']",[1],"['Информационные технологии, интернет, телеком']",between1And3,От 1 года до 3 лет,fullDay,Полный день,full,Полная занятость,1,Москва,0,[],[],0,[],[],0,[],[],160000.0,200000.0,RUR,False
1918,36965136,"[{'name': 'Swift'}, {'name': 'iOS'}]",IOS разработчик,False,1,[1221],"['Программирование, Разработка']",[1],"['Информационные технологии, интернет, телеком']",between1And3,От 1 года до 3 лет,fullDay,Полный день,full,Полная занятость,1,Москва,0,[],[],0,[],[],0,[],[],120000.0,200000.0,RUR,False
29413,38919213,"[{'name': 'Работа в команде'}, {'name': 'Грамотная речь'}, {'name': 'Телефонные переговоры'}, {'name': 'Обучение и развитие'}, {'name': 'Умение работать в команде'}, {'name': 'Навыки межличностного общения'}, {'name': 'Мотивация'}, {'name': 'Ведение переговоров'}]",Ведущий эксперт по недвижимости (вторичный рынок),False,5,"[1225, 17242, 17538, 13227, 15389]","['Продажи', 'Прямые продажи', 'Продажи по телефону, Телемаркетинг', 'Продажи', 'Продажи']","[1, 13, 17, 15]","['Медицина, фармацевтика', 'Начало карьеры, студенты', 'Продажи', 'Информационные технологии, интернет, телеком']",noExperience,Нет опыта,fullDay,Полный день,full,Полная занятость,237,Сочи,0,[],[],0,[],[],0,[],[],250000.0,750000.0,RUR,True
16138,39768245,[{'name': 'Монтаж оборудования'}],Монтажник по монтажу стальных и железобетонных конструкций,False,3,"[25386, 29581, 1295]","['Инсталляция и настройка оборудования', 'Монтажник', 'Телекоммуникации']","[25, 29, 1]","['Рабочий персонал', 'Инсталляция и сервис', 'Информационные технологии, интернет, телеком']",moreThan6,Более 6 лет,fullDay,Полный день,full,Полная занятость,112,Ярославль,0,[],[],0,[],[],0,[],[],30000.0,,RUR,False
28867,37714670,[],Кабельщик-спайщик (6 разряд),False,1,[1295],['Телекоммуникации'],[1],"['Информационные технологии, интернет, телеком']",between3And6,От 3 до 6 лет,fullDay,Полный день,full,Полная занятость,1381,Сургут,0,[],[],0,[],[],0,[],[],50000.0,,RUR,False
10080,39874879,[],Администратор системы/Оператор ПК (Левый берег),False,5,"[447, 21176, 21275, 21136, 1420]","['Ввод данных', 'Начальный уровень, Мало опыта', 'Складское хозяйство', 'Логистика', 'Администратор баз данных']","[1, 4, 21]","['Транспорт, логистика', 'Административный персонал', 'Информационные технологии, интернет, телеком']",between1And3,От 1 года до 3 лет,shift,Сменный график,full,Полная занятость,4,Новосибирск,0,[],[],0,[],[],0,[],[],31500.0,,RUR,False
16750,37355057,"[{'name': 'GO'}, {'name': 'ООП'}, {'name': 'Git'}, {'name': 'SQL'}]",Ведущий Backend разработчик (Go),False,1,[1221],"['Программирование, Разработка']",[1],"['Информационные технологии, интернет, телеком']",between1And3,От 1 года до 3 лет,fullDay,Полный день,full,Полная занятость,72,Пермь,0,[],[],0,[],[],0,[],[],65000.0,100000.0,RUR,False
11941,38342978,[],Продавец-консультант,False,6,"[1292, 12180, 1172, 1593, 11173, 17183]","['Информационные технологии', 'Начальный уровень, Мало опыта', 'Начальный уровень, Мало опыта', 'Информационные технологии, Интернет, Мультимедиа', 'Начальный уровень, Мало опыта', 'Начальный уровень, Мало опыта']","[1, 11, 12, 15, 17]","['Информационные технологии, интернет, телеком', 'Консультирование', 'Начало карьеры, студенты', 'Искусство, развлечения, масс-медиа', 'Продажи']",noExperience,Нет опыта,fullDay,Полный день,full,Полная занятость,1,Москва,0,[],[],0,[],[],0,[],[],50000.0,80000.0,RUR,True
7569,39914539,"[{'name': 'Администрирование сетевого оборудования'}, {'name': 'Администрирование сайтов'}, {'name': 'Техническая поддержка'}, {'name': 'Работа с базами данных'}, {'name': 'Разработка нового продукта'}, {'name': 'Cистемы управления базами данных'}]",Инженер-программист,False,2,"[1221, 1273]","['Программирование, Разработка', 'Системный администратор']",[1],"['Информационные технологии, интернет, телеком']",between3And6,От 3 до 6 лет,fullDay,Полный день,full,Полная занятость,22,Владивосток,0,[],[],0,[],[],0,[],[],60000.0,72000.0,RUR,False
14297,39804776,"[{'name': 'Проектная документация'}, {'name': 'Планирование карьеры'}]",Главный инженер проекта,False,1,[1327],['Управление проектами'],[1],"['Информационные технологии, интернет, телеком']",between3And6,От 3 до 6 лет,fullDay,Полный день,full,Полная занятость,90,Томск,0,[],[],0,[],[],0,[],[],70000.0,90000.0,RUR,False
7030,37998092,"[{'name': '1С: Предприятие 8'}, {'name': 'Пользователь ПК'}, {'name': 'Консультирование клиентов по телефону'}, {'name': 'Бухгалтерская отчетность'}, {'name': 'Грамотная речь'}, {'name': 'Бухгалтерский учет'}]",Бухгалтер-консультант 1С (Специалист линии консультации 1С/ стажер),False,5,"[1593, 15730, 233, 2179, 1211]","['Информационные технологии, Интернет, Мультимедиа', 'Бухгалтерия', 'Аудит', 'Начальный уровень, Мало опыта', 'Поддержка, Helpdesk']","[1, 2, 15]","['Бухгалтерия, управленческий учет, финансы предприятия', 'Информационные технологии, интернет, телеком', 'Начало карьеры, студенты']",noExperience,Нет опыта,fullDay,Полный день,full,Полная занятость,53,Краснодар,0,[],[],0,[],[],0,[],[],29700.0,29700.0,RUR,True
20526,39691745,"[{'name': 'Деловая коммуникация'}, {'name': 'Разработка нового продукта'}, {'name': 'Работа с большим объемом информации'}, {'name': 'Разработка инструкций'}, {'name': 'Бизнес-анализ'}, {'name': 'Управление проектами'}, {'name': 'Управление интернет-проектами'}, {'name': 'Организаторские навыки'}, {'name': 'Работа в команде'}, {'name': 'Руководство коллективом'}, {'name': 'CRM'}, {'name': 'Ориентация на результат'}]",ИТ Менеджер,False,5,"[1113, 1327, 1232, 125, 1137]","['Консалтинг, Аутсорсинг', 'Управление проектами', 'Продюсер', 'Аналитик', 'Маркетинг']",[1],"['Информационные технологии, интернет, телеком']",between3And6,От 3 до 6 лет,remote,Удаленная работа,full,Полная занятость,1,Москва,0,[],[],0,[],[],0,[],[],50000.0,150000.0,RUR,False
18127,38540000,"[{'name': 'Git'}, {'name': 'AngularJS'}, {'name': 'ООП'}]",Разработчик Angular,False,2,"[1221, 189]","['Программирование, Разработка', 'Интернет']",[1],"['Информационные технологии, интернет, телеком']",between1And3,От 1 года до 3 лет,fullDay,Полный день,full,Полная занятость,53,Краснодар,0,[],[],0,[],[],0,[],[],,130000.0,RUR,False
732,38398161,"[{'name': 'исходящие звонки'}, {'name': 'оформление заказов'}, {'name': 'Работа с претензиями'}, {'name': 'Навыки продаж'}, {'name': 'Работа с базами данных'}, {'name': 'Опыт продаж'}, {'name': 'Консультирование клиентов по телефону'}]",Специалист колл-центра,False,6,"[1225, 3148, 12180, 4278, 4374, 17538]","['Продажи', 'Менеджер по работе с клиентами', 'Начальный уровень, Мало опыта', 'Сотрудник call-центра', 'АХО', 'Продажи по телефону, Телемаркетинг']","[1, 3, 4, 12, 17]","['Информационные технологии, интернет, телеком', 'Консультирование', 'Маркетинг, реклама, PR', 'Административный персонал', 'Продажи']",noExperience,Нет опыта,fullDay,Полный день,full,Полная занятость,4,Новосибирск,0,[],[],0,[],[],0,[],[],40000.0,80000.0,RUR,False
30188,39504204,[],Региональный представитель по скупке катализаторов,False,4,"[7267, 7222, 1225, 17538]","['Сервисное обслуживание', 'Продажа', 'Продажи', 'Продажи по телефону, Телемаркетинг']","[1, 17, 7]","['Автомобильный бизнес', 'Продажи', 'Информационные технологии, интернет, телеком']",between3And6,От 3 до 6 лет,remote,Удаленная работа,full,Полная занятость,103,Абакан,0,[],[],0,[],[],0,[],[],100000.0,150000.0,RUR,False
8399,36422794,"[{'name': 'AutoCAD'}, {'name': 'Проектирование'}, {'name': 'Пользователь ПК'}, {'name': 'Проектирование ЛВС'}, {'name': 'Производство строительно-монтажных работ'}]",Инженер по строительству (базовые станции),False,6,"[20189, 20287, 2083, 20233, 182, 1277]","['Нежилые помещения', 'Строительство', 'Инженер', 'Проектирование, Архитектура', 'Инженер', 'Сотовые, Беспроводные технологии']","[1, 20]","['Строительство, недвижимость', 'Информационные технологии, интернет, телеком']",between1And3,От 1 года до 3 лет,fullDay,Полный день,full,Полная занятость,2,Санкт-Петербург,0,[],[],0,[],[],0,[],[],,56300.0,RUR,True
26135,38511792,[],Программист 1С (ERP),False,3,"[1292, 12326, 1327]","['Информационные технологии', 'Управление проектами', 'Управление проектами']","[1, 12]","['Консультирование', 'Информационные технологии, интернет, телеком']",between3And6,От 3 до 6 лет,fullDay,Полный день,full,Полная занятость,1,Москва,0,[],[],0,[],[],0,[],[],,200000.0,RUR,False
19805,36886332,"[{'name': 'Transact-SQL'}, {'name': 'SQL'}, {'name': 'С#'}, {'name': 'MS Power Builder'}]",Программист - разработчик,False,5,"[1221, 150, 1274, 1117, 125]","['Программирование, Разработка', 'Системы управления предприятием (ERP)', 'Системы автоматизированного проектирования', 'Тестирование', 'Аналитик']",[1],"['Информационные технологии, интернет, телеком']",between1And3,От 1 года до 3 лет,fullDay,Полный день,full,Полная занятость,1,Москва,0,[],[],0,[],[],0,[],[],130000.0,,RUR,True
26088,39157485,"[{'name': 'Автоматизация'}, {'name': '1С: Производство'}, {'name': '1С: Бухгалтерия'}, {'name': 'Аналитическое мышление'}, {'name': 'ERP-системы на базе 1С'}]",Программист 1C ERP,False,4,"[150, 182, 1327, 1744]","['Системы управления предприятием (ERP)', 'Инженер', 'Управление проектами', 'Другое']",[1],"['Информационные технологии, интернет, телеком']",moreThan6,Более 6 лет,fullDay,Полный день,full,Полная занятость,4,Новосибирск,0,[],[],0,[],[],0,[],[],,130000.0,RUR,False
8006,29513773,[],Менеджер по продажам на телефоне,False,4,"[17269, 17538, 1225, 1295]","['Телекоммуникации, Сетевые решения', 'Продажи по телефону, Телемаркетинг', 'Продажи', 'Телекоммуникации']","[17, 1]","['Продажи', 'Информационные технологии, интернет, телеком']",noExperience,Нет опыта,remote,Удаленная работа,part,Частичная занятость,2053,Одинцово,0,[],[],0,[],[],0,[],[],20000.0,,RUR,True
21036,39685063,[],Монтажник слаботочных сетей,False,3,"[8736, 29581, 1744]","['Другое', 'Монтажник', 'Другое']","[8, 1, 29]","['Безопасность', 'Рабочий персонал', 'Информационные технологии, интернет, телеком']",between1And3,От 1 года до 3 лет,flexible,Гибкий график,full,Полная занятость,1440,Анапа,0,[],[],0,[],[],0,[],[],30000.0,35000.0,RUR,False
2889,39990394,"[{'name': 'Коммуникабельность'}, {'name': 'Целеустремленность'}, {'name': 'B2C продажи'}, {'name': 'Современная розница'}, {'name': 'Активные продажи'}]",Специалист офиса продаж (г. Шадринск),False,6,"[17269, 17256, 17149, 17358, 1225, 15389]","['Телекоммуникации, Сетевые решения', 'Розничная торговля', 'Менеджер по работе с клиентами', 'Электроника, фото, видео', 'Продажи', 'Продажи']","[17, 1, 15]","['Начало карьеры, студенты', 'Продажи', 'Информационные технологии, интернет, телеком']",noExperience,Нет опыта,fullDay,Полный день,full,Полная занятость,1314,Шадринск,0,[],[],0,[],[],0,[],[],25000.0,,RUR,True
4056,38758288,"[{'name': 'Администрирование серверов Linux'}, {'name': 'Администрирование серверов Windows'}, {'name': 'Системы видеонаблюдения'}]",Специалист технической поддержки,False,4,"[1270, 1273, 1420, 189]","['Сетевые технологии', 'Системный администратор', 'Администратор баз данных', 'Интернет']",[1],"['Информационные технологии, интернет, телеком']",between1And3,От 1 года до 3 лет,fullDay,Полный день,full,Полная занятость,95,Тюмень,0,[],[],0,[],[],0,[],[],35000.0,40000.0,RUR,False
8412,37238404,"[{'name': 'Пользователь ПК'}, {'name': 'Ведение переговоров'}, {'name': 'Грамотная речь'}, {'name': 'Работа в команде'}, {'name': 'Деловое общение'}, {'name': 'Навыки продаж'}]",Менеджер по работе с существующей базой и новыми клиентами,False,3,"[17333, 17242, 1225]","['Услуги для бизнеса', 'Прямые продажи', 'Продажи']","[17, 1]","['Продажи', 'Информационные технологии, интернет, телеком']",noExperience,Нет опыта,fullDay,Полный день,full,Полная занятость,89,Тверь,0,[],[],0,[],[],0,[],[],20700.0,80000.0,RUR,False
6443,38020652,"[{'name': 'Активные продажи'}, {'name': 'CRM'}, {'name': 'Телефонные переговоры'}, {'name': 'Заключение договоров'}, {'name': 'Грамотная речь'}, {'name': 'Холодные звонки'}, {'name': 'Навыки продаж'}, {'name': 'Клиентоориентированность'}, {'name': 'Деловое общение'}, {'name': 'Сопровождение клиентов'}, {'name': 'Подготовка коммерческих предложений'}, {'name': 'Поиск и привлечение клиентов'}, {'name': 'телефонные продажи'}, {'name': 'B2B Продажи'}, {'name': 'Консультирование клиентов по телефону'}, {'name': 'Ведение переписки'}, {'name': 'Навыки телефонных продаж'}, {'name': 'Ведение клиентской базы'}, {'name': 'Холодные продажи'}, {'name': 'Консультирование'}, {'name': 'Навыки переговоров'}, {'name': 'входящие звонки'}, {'name': 'Ведение активных клиентов'}]",Менеджер по работе с клиентами,False,4,"[1225, 17242, 17149, 17538]","['Продажи', 'Прямые продажи', 'Менеджер по работе с клиентами', 'Продажи по телефону, Телемаркетинг']","[1, 17]","['Продажи', 'Информационные технологии, интернет, телеком']",between1And3,От 1 года до 3 лет,fullDay,Полный день,full,Полная занятость,2,Санкт-Петербург,0,[],[],0,[],[],0,[],[],50000.0,100000.0,RUR,False
20805,39411099,[],Оператор колл-центра \ Консультант,False,6,"[1172, 1593, 15389, 15391, 12180, 4278]","['Начальный уровень, Мало опыта', 'Информационные технологии, Интернет, Мультимедиа', 'Продажи', 'Консультирование', 'Начальный уровень, Мало опыта', 'Сотрудник call-центра']","[1, 12, 4, 15]","['Административный персонал', 'Консультирование', 'Начало карьеры, студенты', 'Информационные технологии, интернет, телеком']",noExperience,Нет опыта,shift,Сменный график,full,Полная занятость,24,Волгоград,0,[],[],0,[],[],0,[],[],24000.0,,RUR,False
21816,39667110,"[{'name': 'Java'}, {'name': 'Spring Framework'}, {'name': 'Hibernate ORM'}, {'name': 'Git'}]",Программист Java,False,2,"[1221, 182]","['Программирование, Разработка', 'Инженер']",[1],"['Информационные технологии, интернет, телеком']",between1And3,От 1 года до 3 лет,fullDay,Полный день,full,Полная занятость,102,Хабаровск,0,[],[],0,[],[],0,[],[],60000.0,100000.0,RUR,False
1923,37067727,[],Специалист центра поддержки клиентов,False,6,"[1593, 15391, 4181, 4278, 17183, 1295]","['Информационные технологии, Интернет, Мультимедиа', 'Консультирование', 'Начальный уровень, Мало опыта', 'Сотрудник call-центра', 'Начальный уровень, Мало опыта', 'Телекоммуникации']","[17, 4, 1, 15]","['Продажи', 'Информационные технологии, интернет, телеком', 'Административный персонал', 'Начало карьеры, студенты']",noExperience,Нет опыта,fullDay,Полный день,full,Полная занятость,66,Нижний Новгород,0,[],[],0,[],[],0,[],[],29000.0,41500.0,RUR,True
30877,39162728,"[{'name': 'Аналитический склад ума'}, {'name': 'Внимательность'}, {'name': 'Грамотность'}, {'name': 'Деловая переписка'}, {'name': 'Работа с большим объемом информации'}, {'name': 'Internet'}]",Модератор отзывов / Контент-менеджер,False,6,"[1292, 1172, 1211, 1116, 125, 189]","['Информационные технологии', 'Начальный уровень, Мало опыта', 'Поддержка, Helpdesk', 'Контент', 'Аналитик', 'Интернет']","[1, 12]","['Консультирование', 'Информационные технологии, интернет, телеком']",noExperience,Нет опыта,fullDay,Полный день,full,Полная занятость,2,Санкт-Петербург,0,[],[],0,[],[],0,[],[],35000.0,40000.0,RUR,True
8069,29513940,[],Менеджер по продажам на телефоне,False,3,"[1225, 1295, 17538]","['Продажи', 'Телекоммуникации', 'Продажи по телефону, Телемаркетинг']","[1, 17]","['Продажи', 'Информационные технологии, интернет, телеком']",noExperience,Нет опыта,remote,Удаленная работа,part,Частичная занятость,25,Вологда,0,[],[],0,[],[],0,[],[],20000.0,,RUR,True
25771,38984721,"[{'name': '1С-Битрикс'}, {'name': 'Ведение переговоров'}, {'name': 'Интернет маркетинг'}, {'name': 'Продвижение сайтов'}, {'name': 'Создание сайтов'}, {'name': 'Яндекс.Директ'}, {'name': 'SEO оптимизация'}, {'name': 'B2B Продажи'}, {'name': 'Поиск и привлечение клиентов'}, {'name': 'Развитие продаж'}, {'name': 'Планирование продаж'}, {'name': 'Работа в команде'}]",Специалист по работе с клиентами,False,5,"[1292, 1113, 1137, 17149, 390]","['Информационные технологии', 'Консалтинг, Аутсорсинг', 'Маркетинг', 'Менеджер по работе с клиентами', 'Интернет-маркетинг']","[1, 3, 12, 17]","['Маркетинг, реклама, PR', 'Консультирование', 'Продажи', 'Информационные технологии, интернет, телеком']",between1And3,От 1 года до 3 лет,fullDay,Полный день,full,Полная занятость,99,Уфа,0,[],[],0,[],[],0,[],[],40000.0,150000.0,RUR,False
27129,39565543,"[{'name': 'MS Access'}, {'name': 'MS PowerPoint'}, {'name': 'Подготовка презентаций'}, {'name': 'Навыки презентации'}, {'name': 'Статистический анализ'}]",Аналитик,False,5,"[17324, 17231, 1117, 1327, 125]","['Управление продажами', 'Продукты питания', 'Тестирование', 'Управление проектами', 'Аналитик']","[17, 1]","['Продажи', 'Информационные технологии, интернет, телеком']",noExperience,Нет опыта,fullDay,Полный день,full,Полная занятость,23,Владимир,0,[],[],0,[],[],0,[],[],35000.0,50000.0,RUR,False
325,37690775,"[{'name': 'JavaScript'}, {'name': 'CSS'}, {'name': 'HTML5'}, {'name': 'React'}, {'name': 'Redux'}, {'name': 'Git'}, {'name': 'Vue'}]",Frontend-разработчик (React),False,1,[1221],"['Программирование, Разработка']",[1],"['Информационные технологии, интернет, телеком']",between3And6,От 3 до 6 лет,fullDay,Полный день,full,Полная занятость,2734,Иннополис,0,[],[],0,[],[],0,[],[],,170000.0,RUR,True
676,39639858,"[{'name': 'Разработка проектной документации'}, {'name': 'СП'}, {'name': 'AutoCAD'}, {'name': 'Проектирование'}, {'name': 'Проектирование зданий и сооружений'}]",Ведущий инженер-проектировщик,False,4,"[20287, 20325, 12326, 1327]","['Строительство', 'Управление проектами', 'Управление проектами', 'Управление проектами']","[1, 20, 12]","['Консультирование', 'Строительство, недвижимость', 'Информационные технологии, интернет, телеком']",between3And6,От 3 до 6 лет,fullDay,Полный день,full,Полная занятость,104,Челябинск,0,[],[],0,[],[],0,[],[],45000.0,,RUR,False
7889,39460183,"[{'name': 'Холодные продажи'}, {'name': 'работа с VIP клиентами'}, {'name': 'Телефонные переговоры'}, {'name': 'Грамотная речь'}, {'name': 'Обучение и развитие'}]",Оператор call-центра,False,4,"[1172, 1225, 15389, 17538]","['Начальный уровень, Мало опыта', 'Продажи', 'Продажи', 'Продажи по телефону, Телемаркетинг']","[1, 17, 15]","['Продажи', 'Начало карьеры, студенты', 'Информационные технологии, интернет, телеком']",noExperience,Нет опыта,remote,Удаленная работа,part,Частичная занятость,1327,Краснокамск,0,[],[],1,['from_four_to_six_hours_in_a_day'],['Можно работать сменами по\xa04–6 часов в\xa0день'],1,['start_after_sixteen'],['Можно начинать работать после 16:00'],15000.0,50000.0,RUR,True
8746,36927753,[],Специалист по продаже и установке спутникового ТВ,False,5,"[17269, 25381, 25386, 1225, 29581]","['Телекоммуникации, Сетевые решения', 'Сервисный инженер', 'Инсталляция и настройка оборудования', 'Продажи', 'Монтажник']","[17, 29, 25, 1]","['Рабочий персонал', 'Инсталляция и сервис', 'Продажи', 'Информационные технологии, интернет, телеком']",noExperience,Нет опыта,flexible,Гибкий график,part,Частичная занятость,1979,Комсомольск-на-Амуре,0,[],[],0,[],[],0,[],[],30000.0,,RUR,True
2333,39072959,"[{'name': 'Ремонт ПК'}, {'name': 'Техническое обслуживание'}, {'name': 'Настройка ПО'}, {'name': 'Пользователь ПК'}, {'name': 'ремонт ККМ'}, {'name': 'ремонт весов'}, {'name': 'работа с паяльником'}]",Инженер ЦТО,False,2,"[182, 29515]","['Инженер', 'Электрик']","[1, 29]","['Рабочий персонал', 'Информационные технологии, интернет, телеком']",between1And3,От 1 года до 3 лет,fullDay,Полный день,full,Полная занятость,99,Уфа,0,[],[],0,[],[],0,[],[],25000.0,40000.0,RUR,True
1067,38549220,"[{'name': 'Unix'}, {'name': 'СУБД'}, {'name': 'Аналитическое мышление'}, {'name': 'Оптимизация бизнес-процессов'}]",Ведущий специалист в отдел гарантийно-сервисного обслуживания и технической поддержки,False,4,"[1270, 182, 1211, 1295]","['Сетевые технологии', 'Инженер', 'Поддержка, Helpdesk', 'Телекоммуникации']",[1],"['Информационные технологии, интернет, телеком']",between3And6,От 3 до 6 лет,fullDay,Полный день,full,Полная занятость,2,Санкт-Петербург,0,[],[],0,[],[],0,[],[],50000.0,60000.0,RUR,False
28185,39545792,"[{'name': 'SMM'}, {'name': 'Ведение групп в социальных сетях'}, {'name': 'Social Media Marketing'}, {'name': 'Копирайтинг'}, {'name': 'Internet Marketing'}, {'name': 'E-Mail Marketing'}]",SMM-менеджер удаленно,False,6,"[3236, 3318, 38, 326, 1116, 1171]","['Производство рекламы', 'Управление маркетингом', 'PR, Маркетинговые коммуникации', 'Аналитик', 'Контент', 'Журналистика']","[11, 1, 3]","['Искусство, развлечения, масс-медиа', 'Маркетинг, реклама, PR', 'Информационные технологии, интернет, телеком']",between1And3,От 1 года до 3 лет,remote,Удаленная работа,full,Полная занятость,72,Пермь,0,[],[],0,[],[],0,[],[],60000.0,80000.0,RUR,False
